task_id,condition,af_class,af_score,combined_pass_at_k,adversarial_ratio,rounds_taken,termination_reason,wall_time_s,timestamp
HumanEval/0,A,correct,0.000000,0.000000,0.000000,1,G5_PLATEAU: af_delta=0.0000 < 0.05,34.70,2026-04-21T20:13:54.569272+00:00
HumanEval/0,B,degraded,0.146667,0.000000,0.666667,1,G2_CANONICAL_REGRESSION: pass@k=0.000,217.08,2026-04-21T20:27:41.259066+00:00
HumanEval/0,C,correct,0.000000,0.000000,0.000000,1,G5_PLATEAU: af_delta=0.0000 < 0.05,60.14,2026-04-21T20:28:41.396970+00:00
HumanEval/0,D,correct,0.000000,0.000000,0.000000,1,G5_PLATEAU: af_delta=0.0000 < 0.05,58.65,2026-04-21T20:34:49.140608+00:00
HumanEval/1,A,correct,0.000000,0.000000,0.000000,1,G5_PLATEAU: af_delta=0.0000 < 0.05,64.26,2026-04-21T20:35:53.402635+00:00
HumanEval/1,B,correct,0.000000,0.000000,0.000000,1,G5_PLATEAU: af_delta=0.0000 < 0.05,148.52,2026-04-21T20:38:21.927176+00:00
HumanEval/1,C,correct,0.000000,0.000000,0.000000,1,G5_PLATEAU: af_delta=0.0000 < 0.05,131.39,2026-04-21T20:40:33.315022+00:00
HumanEval/1,D,correct,0.000000,0.000000,0.000000,1,G5_PLATEAU: af_delta=0.0000 < 0.05,104.89,2026-04-21T20:42:18.204751+00:00
HumanEval/2,A,correct,0.385000,1.000000,0.000000,1,G6_SHALLOW_ATTACKS: edge_coverage=0.000 < 0.75,237.18,2026-04-21T20:46:15.384232+00:00
HumanEval/2,B,correct,0.000000,0.000000,0.000000,1,G5_PLATEAU: af_delta=0.0000 < 0.05,129.17,2026-04-21T20:48:24.554622+00:00
HumanEval/2,C,correct,0.000000,0.000000,0.000000,1,G5_PLATEAU: af_delta=0.0000 < 0.05,104.44,2026-04-21T20:50:08.992047+00:00
HumanEval/2,D,correct,0.000000,0.000000,0.000000,1,G5_PLATEAU: af_delta=0.0000 < 0.05,85.28,2026-04-21T21:46:01.466552+00:00
HumanEval/3,A,correct,0.000000,0.000000,0.000000,1,G5_PLATEAU: af_delta=0.0000 < 0.05,42.23,2026-04-21T21:46:43.698287+00:00
HumanEval/3,B,correct,0.000000,0.000000,0.000000,1,G5_PLATEAU: af_delta=0.0000 < 0.05,103.03,2026-04-21T21:48:26.733529+00:00
HumanEval/3,C,correct,0.000000,0.000000,0.000000,1,G5_PLATEAU: af_delta=0.0000 < 0.05,84.40,2026-04-21T21:49:51.133727+00:00
HumanEval/3,D,correct,0.000000,0.000000,0.000000,1,G5_PLATEAU: af_delta=0.0000 < 0.05,79.09,2026-04-21T21:51:10.221493+00:00
HumanEval/4,A,correct,0.000000,0.000000,0.000000,1,G5_PLATEAU: af_delta=0.0000 < 0.05,39.95,2026-04-21T21:51:50.168666+00:00
HumanEval/4,B,correct,0.000000,0.000000,0.000000,1,G5_PLATEAU: af_delta=0.0000 < 0.05,84.14,2026-04-21T21:53:14.313200+00:00
HumanEval/4,C,correct,0.000000,0.000000,0.000000,1,G5_PLATEAU: af_delta=0.0000 < 0.05,67.28,2026-04-21T21:54:21.595911+00:00
HumanEval/4,D,correct,-0.070823,0.000000,0.000000,2,G5_PLATEAU: af_delta=-0.7082 < 0.05,58.89,2026-04-21T21:55:20.488827+00:00
HumanEval/5,A,correct,0.385000,1.000000,0.000000,1,G6_SHALLOW_ATTACKS: edge_coverage=0.000 < 0.75,6.05,2026-04-21T21:55:26.536204+00:00
HumanEval/5,B,correct,0.385000,1.000000,0.000000,1,G6_SHALLOW_ATTACKS: edge_coverage=0.000 < 0.75,36.96,2026-04-21T21:56:03.501707+00:00
HumanEval/5,C,correct,0.385000,1.000000,0.000000,1,G6_SHALLOW_ATTACKS: edge_coverage=0.000 < 0.75,39.84,2026-04-21T21:56:43.347015+00:00
HumanEval/5,D,correct,0.000000,0.000000,0.000000,1,G5_PLATEAU: af_delta=0.0000 < 0.05,60.73,2026-04-21T21:57:44.074254+00:00
HumanEval/6,A,correct,0.000000,0.000000,0.000000,1,G5_PLATEAU: af_delta=0.0000 < 0.05,31.68,2026-04-21T21:58:15.755757+00:00
HumanEval/6,B,correct,0.000000,0.000000,0.000000,1,G5_PLATEAU: af_delta=0.0000 < 0.05,120.92,2026-04-21T22:00:16.681633+00:00
HumanEval/6,C,correct,0.000000,0.000000,0.000000,1,G5_PLATEAU: af_delta=0.0000 < 0.05,81.56,2026-04-21T22:01:38.246943+00:00
HumanEval/6,D,correct,0.000000,0.000000,0.000000,1,G5_PLATEAU: af_delta=0.0000 < 0.05,121.25,2026-04-21T22:03:39.493302+00:00
HumanEval/7,A,correct,0.000000,0.000000,0.000000,1,G5_PLATEAU: af_delta=0.0000 < 0.05,70.86,2026-04-21T22:04:50.352596+00:00
HumanEval/7,B,correct,0.000000,0.000000,0.000000,1,G5_PLATEAU: af_delta=0.0000 < 0.05,102.92,2026-04-21T22:06:33.269366+00:00
HumanEval/7,C,correct,0.000000,0.000000,0.000000,1,G5_PLATEAU: af_delta=0.0000 < 0.05,119.80,2026-04-21T22:08:33.075707+00:00
HumanEval/7,D,correct,0.000000,0.000000,0.000000,1,G5_PLATEAU: af_delta=0.0000 < 0.05,165.78,2026-04-21T22:11:18.866892+00:00
HumanEval/8,A,correct,0.385000,1.000000,0.000000,1,G6_SHALLOW_ATTACKS: edge_coverage=0.000 < 0.75,82.44,2026-04-21T22:12:41.306069+00:00
HumanEval/8,B,correct,0.000000,0.000000,0.000000,1,G5_PLATEAU: af_delta=0.0000 < 0.05,85.29,2026-04-21T22:14:06.596951+00:00
HumanEval/8,C,correct,0.000000,0.000000,0.000000,1,G5_PLATEAU: af_delta=0.0000 < 0.05,120.09,2026-04-21T22:16:06.701138+00:00
HumanEval/8,D,correct,0.000000,0.000000,0.000000,1,G5_PLATEAU: af_delta=0.0000 < 0.05,113.54,2026-04-21T22:18:00.238255+00:00
HumanEval/9,A,correct,0.000000,0.000000,0.000000,1,G5_PLATEAU: af_delta=0.0000 < 0.05,28.59,2026-04-21T22:18:28.825173+00:00
HumanEval/9,B,correct,0.000000,0.000000,0.000000,1,G5_PLATEAU: af_delta=0.0000 < 0.05,121.27,2026-04-21T22:20:30.094729+00:00
HumanEval/9,C,correct,0.000000,0.000000,0.000000,1,G5_PLATEAU: af_delta=0.0000 < 0.05,88.02,2026-04-21T22:21:58.115249+00:00
HumanEval/9,D,correct,0.000000,0.000000,0.000000,1,G5_PLATEAU: af_delta=0.0000 < 0.05,68.06,2026-04-21T22:23:06.171811+00:00
HumanEval/10,A,correct,0.000000,0.000000,0.000000,1,G5_PLATEAU: af_delta=0.0000 < 0.05,22.07,2026-04-21T22:23:28.241337+00:00
HumanEval/10,B,correct,0.000000,0.000000,0.000000,1,G5_PLATEAU: af_delta=0.0000 < 0.05,121.88,2026-04-21T22:25:30.121154+00:00
HumanEval/10,C,correct,0.000000,0.000000,0.000000,1,G5_PLATEAU: af_delta=0.0000 < 0.05,69.53,2026-04-21T22:26:39.652505+00:00
HumanEval/10,D,correct,0.000000,0.000000,0.000000,1,G5_PLATEAU: af_delta=0.0000 < 0.05,79.67,2026-04-21T22:27:59.322119+00:00
HumanEval/11,A,correct,0.385000,1.000000,0.000000,1,G6_SHALLOW_ATTACKS: edge_coverage=0.000 < 0.75,6.74,2026-04-21T22:28:06.064141+00:00
HumanEval/11,B,correct,0.000000,0.000000,0.000000,1,G5_PLATEAU: af_delta=0.0000 < 0.05,96.40,2026-04-21T22:29:42.467056+00:00
HumanEval/11,C,correct,0.000000,0.000000,0.000000,1,G5_PLATEAU: af_delta=0.0000 < 0.05,81.04,2026-04-21T22:31:03.512626+00:00
HumanEval/11,D,correct,0.000000,0.000000,0.000000,1,G5_PLATEAU: af_delta=0.0000 < 0.05,92.39,2026-04-21T22:32:35.907709+00:00
HumanEval/12,A,degraded,0.000000,0.000000,0.000000,1,G2_CANONICAL_REGRESSION: pass@k=0.000,112.54,2026-04-21T22:34:28.450882+00:00
HumanEval/12,B,degraded,0.000000,0.000000,0.000000,1,G2_CANONICAL_REGRESSION: pass@k=0.000,573.05,2026-04-21T22:44:01.498158+00:00
HumanEval/12,C,correct,0.000000,0.000000,0.000000,1,G5_PLATEAU: af_delta=0.0000 < 0.05,57.09,2026-04-21T22:44:58.598752+00:00
HumanEval/12,D,correct,0.000000,0.000000,0.000000,1,G5_PLATEAU: af_delta=0.0000 < 0.05,80.46,2026-04-21T22:46:19.064192+00:00
HumanEval/13,A,correct,0.385000,1.000000,0.000000,1,G6_SHALLOW_ATTACKS: edge_coverage=0.000 < 0.75,107.09,2026-04-21T22:48:06.161835+00:00
HumanEval/13,B,correct,0.000000,0.000000,0.000000,1,G5_PLATEAU: af_delta=0.0000 < 0.05,71.16,2026-04-21T22:49:17.323894+00:00
HumanEval/13,C,correct,0.385000,1.000000,0.000000,1,G6_SHALLOW_ATTACKS: edge_coverage=0.000 < 0.75,44.11,2026-04-21T22:50:01.435839+00:00
HumanEval/13,D,correct,0.000000,0.000000,0.000000,1,G5_PLATEAU: af_delta=0.0000 < 0.05,54.25,2026-04-21T22:50:55.683776+00:00
HumanEval/14,A,correct,0.000000,0.000000,0.000000,1,G5_PLATEAU: af_delta=0.0000 < 0.05,46.10,2026-04-21T22:51:41.790271+00:00
HumanEval/14,B,correct,0.000000,0.000000,0.000000,1,G5_PLATEAU: af_delta=0.0000 < 0.05,67.16,2026-04-21T22:52:48.957377+00:00
HumanEval/14,C,correct,0.000000,0.000000,0.000000,1,G5_PLATEAU: af_delta=0.0000 < 0.05,88.97,2026-04-21T22:54:17.934666+00:00
HumanEval/14,D,correct,0.000000,0.000000,0.000000,1,G5_PLATEAU: af_delta=0.0000 < 0.05,56.76,2026-04-21T22:55:14.696820+00:00
HumanEval/15,A,correct,0.000000,0.000000,0.000000,1,G5_PLATEAU: af_delta=0.0000 < 0.05,31.17,2026-04-21T22:55:45.867514+00:00
HumanEval/15,B,correct,0.000000,0.000000,0.000000,1,G5_PLATEAU: af_delta=0.0000 < 0.05,80.81,2026-04-21T22:57:06.692004+00:00
HumanEval/15,C,correct,0.000000,0.000000,0.000000,1,G5_PLATEAU: af_delta=0.0000 < 0.05,54.88,2026-04-21T22:58:01.579573+00:00
HumanEval/15,D,correct,0.000000,0.000000,0.000000,1,G5_PLATEAU: af_delta=0.0000 < 0.05,51.90,2026-04-21T22:58:53.484734+00:00
HumanEval/16,A,correct,0.385000,1.000000,0.000000,1,G6_SHALLOW_ATTACKS: edge_coverage=0.000 < 0.75,25.40,2026-04-21T22:59:18.890566+00:00
HumanEval/16,B,correct,0.000000,0.000000,0.000000,1,G5_PLATEAU: af_delta=0.0000 < 0.05,66.83,2026-04-21T23:00:25.719737+00:00
HumanEval/16,C,correct,0.000000,0.000000,0.000000,1,G5_PLATEAU: af_delta=0.0000 < 0.05,105.91,2026-04-21T23:02:11.634823+00:00
HumanEval/16,D,correct,0.000000,0.000000,0.000000,1,G5_PLATEAU: af_delta=0.0000 < 0.05,67.48,2026-04-21T23:03:19.112664+00:00
HumanEval/17,A,correct,0.000000,0.000000,0.000000,1,G5_PLATEAU: af_delta=0.0000 < 0.05,7.11,2026-04-21T23:03:26.223775+00:00
HumanEval/17,B,degraded,0.000000,0.000000,0.000000,1,G2_CANONICAL_REGRESSION: pass@k=0.000,197.70,2026-04-21T23:06:43.925025+00:00
HumanEval/17,C,correct,0.000000,0.000000,0.000000,1,G5_PLATEAU: af_delta=0.0000 < 0.05,78.44,2026-04-21T23:08:02.368607+00:00
HumanEval/17,D,correct,0.000000,0.000000,0.000000,1,G5_PLATEAU: af_delta=0.0000 < 0.05,121.77,2026-04-21T23:10:04.144281+00:00
HumanEval/18,A,correct,0.000000,0.000000,0.000000,1,G5_PLATEAU: af_delta=0.0000 < 0.05,50.96,2026-04-21T23:10:55.110365+00:00
HumanEval/18,B,correct,0.000000,0.000000,0.000000,1,G5_PLATEAU: af_delta=0.0000 < 0.05,71.21,2026-04-21T23:12:06.320284+00:00
HumanEval/18,C,correct,0.000000,0.000000,0.000000,1,G5_PLATEAU: af_delta=0.0000 < 0.05,100.46,2026-04-21T23:13:46.778265+00:00
HumanEval/18,D,correct,0.000000,0.000000,0.000000,1,G5_PLATEAU: af_delta=0.0000 < 0.05,92.69,2026-04-21T23:15:19.471846+00:00
HumanEval/19,A,correct,0.000000,0.000000,0.000000,1,G5_PLATEAU: af_delta=0.0000 < 0.05,39.36,2026-04-21T23:15:58.834991+00:00
HumanEval/19,B,correct,0.000000,0.000000,0.000000,1,G5_PLATEAU: af_delta=0.0000 < 0.05,105.18,2026-04-21T23:17:44.012523+00:00
HumanEval/19,C,correct,0.000000,0.000000,0.000000,1,G5_PLATEAU: af_delta=0.0000 < 0.05,87.44,2026-04-21T23:19:11.458740+00:00
HumanEval/19,D,correct,0.385000,1.000000,0.000000,1,G6_SHALLOW_ATTACKS: edge_coverage=0.000 < 0.75,95.78,2026-04-21T23:20:47.243969+00:00
HumanEval/20,A,correct,0.000000,0.000000,0.000000,1,G5_PLATEAU: af_delta=0.0000 < 0.05,33.52,2026-04-21T23:21:20.769823+00:00
HumanEval/20,B,correct,0.000000,0.000000,0.000000,1,G5_PLATEAU: af_delta=0.0000 < 0.05,80.40,2026-04-21T23:22:41.178373+00:00
HumanEval/20,C,correct,0.000000,0.000000,0.000000,1,G5_PLATEAU: af_delta=0.0000 < 0.05,90.25,2026-04-21T23:24:11.428704+00:00
HumanEval/20,D,correct,0.000000,0.000000,0.000000,1,G5_PLATEAU: af_delta=0.0000 < 0.05,83.93,2026-04-21T23:25:35.359493+00:00
HumanEval/21,A,correct,0.000000,0.000000,0.000000,1,G5_PLATEAU: af_delta=0.0000 < 0.05,31.96,2026-04-21T23:26:07.323413+00:00
HumanEval/21,B,degraded,0.036667,0.000000,0.166667,1,G2_CANONICAL_REGRESSION: pass@k=0.000,215.32,2026-04-21T23:29:42.647637+00:00
HumanEval/21,C,correct,0.000000,0.000000,0.000000,1,G5_PLATEAU: af_delta=0.0000 < 0.05,73.58,2026-04-21T23:30:56.225235+00:00
HumanEval/21,D,degraded,0.120000,0.000000,0.545455,1,G2_CANONICAL_REGRESSION: pass@k=0.000,265.77,2026-04-21T23:35:21.993423+00:00
HumanEval/22,A,correct,0.000000,0.000000,0.000000,1,G5_PLATEAU: af_delta=0.0000 < 0.05,48.72,2026-04-21T23:36:10.711181+00:00
HumanEval/22,B,correct,0.000000,0.000000,0.000000,1,G5_PLATEAU: af_delta=0.0000 < 0.05,77.07,2026-04-21T23:37:27.786679+00:00
HumanEval/22,C,correct,0.000000,0.000000,0.000000,1,G5_PLATEAU: af_delta=0.0000 < 0.05,90.93,2026-04-21T23:38:58.714704+00:00
HumanEval/22,D,correct,0.000000,0.000000,0.000000,1,G5_PLATEAU: af_delta=0.0000 < 0.05,71.89,2026-04-21T23:40:10.609445+00:00
HumanEval/23,A,correct,0.000000,0.000000,0.000000,1,G5_PLATEAU: af_delta=0.0000 < 0.05,41.41,2026-04-21T23:40:52.019119+00:00
HumanEval/23,B,correct,0.000000,0.000000,0.000000,1,G5_PLATEAU: af_delta=0.0000 < 0.05,83.34,2026-04-21T23:42:15.358745+00:00
HumanEval/23,C,correct,0.000000,0.000000,0.000000,1,G5_PLATEAU: af_delta=0.0000 < 0.05,87.89,2026-04-21T23:43:43.254703+00:00
HumanEval/23,D,correct,0.000000,0.000000,0.000000,1,G5_PLATEAU: af_delta=0.0000 < 0.05,84.63,2026-04-21T23:45:07.893180+00:00
HumanEval/24,A,correct,0.000000,0.000000,0.000000,1,G5_PLATEAU: af_delta=0.0000 < 0.05,42.92,2026-04-21T23:45:50.819552+00:00
HumanEval/24,B,correct,0.000000,0.000000,0.000000,1,G5_PLATEAU: af_delta=0.0000 < 0.05,102.26,2026-04-21T23:47:33.078914+00:00
HumanEval/24,C,correct,0.000000,0.000000,0.000000,1,G5_PLATEAU: af_delta=0.0000 < 0.05,86.61,2026-04-21T23:48:59.695127+00:00
HumanEval/24,D,correct,0.000000,0.000000,0.000000,1,G5_PLATEAU: af_delta=0.0000 < 0.05,90.97,2026-04-21T23:50:30.666170+00:00
HumanEval/25,A,correct,0.000000,0.000000,0.000000,1,G5_PLATEAU: af_delta=0.0000 < 0.05,50.00,2026-04-21T23:51:20.663683+00:00
HumanEval/25,B,correct,0.000000,0.000000,0.000000,1,G5_PLATEAU: af_delta=0.0000 < 0.05,79.80,2026-04-21T23:52:40.461273+00:00
HumanEval/25,C,correct,0.000000,0.000000,0.000000,1,G5_PLATEAU: af_delta=0.0000 < 0.05,89.24,2026-04-21T23:54:09.699496+00:00
HumanEval/25,D,correct,0.000000,0.000000,0.000000,1,G5_PLATEAU: af_delta=0.0000 < 0.05,85.10,2026-04-21T23:55:34.797013+00:00
HumanEval/26,A,correct,0.000000,0.000000,0.000000,1,G5_PLATEAU: af_delta=0.0000 < 0.05,25.98,2026-04-21T23:56:00.780572+00:00
HumanEval/26,B,correct,0.000000,0.000000,0.000000,1,G5_PLATEAU: af_delta=0.0000 < 0.05,91.44,2026-04-21T23:57:32.223664+00:00
HumanEval/26,C,correct,0.000000,0.000000,0.000000,1,G5_PLATEAU: af_delta=0.0000 < 0.05,88.94,2026-04-21T23:59:01.166355+00:00
HumanEval/26,D,correct,0.000000,0.000000,0.000000,1,G5_PLATEAU: af_delta=0.0000 < 0.05,62.75,2026-04-22T00:00:03.916231+00:00
HumanEval/27,A,correct,0.000000,0.000000,0.000000,1,G5_PLATEAU: af_delta=0.0000 < 0.05,25.98,2026-04-22T00:00:29.897818+00:00
HumanEval/27,B,correct,0.385000,1.000000,0.000000,1,G6_SHALLOW_ATTACKS: edge_coverage=0.000 < 0.75,51.41,2026-04-22T00:01:21.304068+00:00
HumanEval/27,C,correct,0.000000,0.000000,0.000000,1,G5_PLATEAU: af_delta=0.0000 < 0.05,87.03,2026-04-22T00:02:48.333770+00:00
HumanEval/27,D,correct,0.000000,0.000000,0.000000,1,G5_PLATEAU: af_delta=0.0000 < 0.05,99.16,2026-04-22T00:04:27.497231+00:00
HumanEval/28,A,correct,0.000000,0.000000,0.000000,1,G5_PLATEAU: af_delta=0.0000 < 0.05,4.05,2026-04-22T00:04:31.548959+00:00
HumanEval/28,B,correct,0.000000,0.000000,0.000000,1,G5_PLATEAU: af_delta=0.0000 < 0.05,50.17,2026-04-22T00:05:21.718843+00:00
HumanEval/28,C,correct,0.385000,1.000000,0.000000,1,G6_SHALLOW_ATTACKS: edge_coverage=0.000 < 0.75,211.09,2026-04-22T00:08:52.815534+00:00
HumanEval/28,D,correct,0.000000,0.000000,0.000000,1,G5_PLATEAU: af_delta=0.0000 < 0.05,82.78,2026-04-22T00:10:15.601790+00:00
HumanEval/29,A,correct,0.000000,0.000000,0.000000,1,G5_PLATEAU: af_delta=0.0000 < 0.05,22.01,2026-04-22T00:10:37.608930+00:00
HumanEval/29,B,correct,0.000000,0.000000,0.000000,1,G5_PLATEAU: af_delta=0.0000 < 0.05,94.92,2026-04-22T00:12:12.531975+00:00
HumanEval/29,C,correct,0.000000,0.000000,0.000000,1,G5_PLATEAU: af_delta=0.0000 < 0.05,96.31,2026-04-22T00:13:48.848207+00:00
HumanEval/29,D,correct,0.000000,0.000000,0.000000,1,G5_PLATEAU: af_delta=0.0000 < 0.05,74.91,2026-04-22T00:15:03.760140+00:00
HumanEval/30,B,correct,0.000000,0.000000,0.000000,1,G5_PLATEAU: af_delta=0.0000 < 0.05,77.15,2026-04-22T00:20:24.455356+00:00
HumanEval/30,C,correct,0.000000,0.000000,0.000000,1,G5_PLATEAU: af_delta=0.0000 < 0.05,99.73,2026-04-22T00:22:04.190095+00:00
HumanEval/30,D,correct,0.385000,1.000000,0.000000,1,G6_SHALLOW_ATTACKS: edge_coverage=0.000 < 0.75,44.58,2026-04-22T00:22:48.771276+00:00
HumanEval/31,A,correct,0.385000,1.000000,0.000000,1,G6_SHALLOW_ATTACKS: edge_coverage=0.000 < 0.75,428.19,2026-04-22T00:29:56.966918+00:00
HumanEval/31,B,correct,0.385000,1.000000,0.000000,1,G6_SHALLOW_ATTACKS: edge_coverage=0.000 < 0.75,231.17,2026-04-22T00:33:48.139763+00:00
HumanEval/31,C,correct,0.385000,1.000000,0.000000,1,G6_SHALLOW_ATTACKS: edge_coverage=0.000 < 0.75,450.96,2026-04-22T00:41:19.105559+00:00
HumanEval/31,D,correct,0.000000,0.000000,0.000000,1,G5_PLATEAU: af_delta=0.0000 < 0.05,54.52,2026-04-22T00:42:13.632165+00:00
HumanEval/32,A,correct,0.000000,0.000000,0.000000,1,G5_PLATEAU: af_delta=0.0000 < 0.05,19.70,2026-04-22T00:42:33.329074+00:00
HumanEval/32,B,correct,0.000000,0.000000,0.000000,1,G5_PLATEAU: af_delta=0.0000 < 0.05,47.55,2026-04-22T00:43:20.880208+00:00
HumanEval/32,C,correct,0.000000,0.000000,0.000000,1,G5_PLATEAU: af_delta=0.0000 < 0.05,50.22,2026-04-22T00:44:11.106255+00:00
HumanEval/32,D,degraded,0.000000,0.000000,0.000000,1,G2_CANONICAL_REGRESSION: pass@k=0.000,26.69,2026-04-22T00:44:37.802445+00:00
HumanEval/33,A,correct,0.000000,0.000000,0.000000,1,G5_PLATEAU: af_delta=0.0000 < 0.05,20.58,2026-04-22T00:44:58.384188+00:00
HumanEval/33,B,correct,0.385000,1.000000,0.000000,1,G6_SHALLOW_ATTACKS: edge_coverage=0.000 < 0.75,41.62,2026-04-22T00:45:40.004807+00:00
HumanEval/33,C,correct,0.000000,0.000000,0.000000,1,G5_PLATEAU: af_delta=0.0000 < 0.05,54.45,2026-04-22T00:46:34.457333+00:00
HumanEval/33,D,correct,0.000000,0.000000,0.000000,1,G5_PLATEAU: af_delta=0.0000 < 0.05,76.97,2026-04-22T00:47:51.428555+00:00
HumanEval/34,A,correct,0.000000,0.000000,0.000000,1,G5_PLATEAU: af_delta=0.0000 < 0.05,34.57,2026-04-22T00:48:26.000697+00:00
HumanEval/34,B,correct,0.000000,0.000000,0.000000,1,G5_PLATEAU: af_delta=0.0000 < 0.05,77.18,2026-04-22T00:49:43.181929+00:00
HumanEval/34,C,correct,0.000000,0.000000,0.000000,1,G5_PLATEAU: af_delta=0.0000 < 0.05,63.40,2026-04-22T00:50:46.577812+00:00
HumanEval/34,D,correct,0.000000,0.000000,0.000000,1,G5_PLATEAU: af_delta=0.0000 < 0.05,71.26,2026-04-22T00:51:57.835809+00:00
HumanEval/35,A,correct,0.000000,0.000000,0.000000,1,G5_PLATEAU: af_delta=0.0000 < 0.05,29.01,2026-04-22T00:52:26.847263+00:00
HumanEval/35,B,correct,0.000000,0.000000,0.000000,1,G5_PLATEAU: af_delta=0.0000 < 0.05,65.25,2026-04-22T00:53:32.095694+00:00
HumanEval/35,C,correct,0.385000,1.000000,0.000000,1,G6_SHALLOW_ATTACKS: edge_coverage=0.000 < 0.75,199.43,2026-04-22T00:56:51.530290+00:00
HumanEval/35,D,correct,0.000000,0.000000,0.000000,1,G5_PLATEAU: af_delta=0.0000 < 0.05,60.51,2026-04-22T00:57:52.040039+00:00
HumanEval/36,A,correct,0.000000,0.000000,0.000000,1,G5_PLATEAU: af_delta=0.0000 < 0.05,46.31,2026-04-22T00:58:38.350883+00:00
HumanEval/36,B,correct,0.000000,0.000000,0.000000,1,G5_PLATEAU: af_delta=0.0000 < 0.05,77.09,2026-04-22T00:59:55.446834+00:00
HumanEval/36,C,correct,0.000000,0.000000,0.000000,1,G5_PLATEAU: af_delta=0.0000 < 0.05,69.01,2026-04-22T01:01:04.462967+00:00
HumanEval/36,D,correct,0.000000,0.000000,0.000000,1,G5_PLATEAU: af_delta=0.0000 < 0.05,88.34,2026-04-22T01:02:32.803925+00:00
HumanEval/37,A,correct,0.000000,0.000000,0.000000,1,G5_PLATEAU: af_delta=0.0000 < 0.05,42.02,2026-04-22T01:03:14.827855+00:00
HumanEval/37,B,correct,0.000000,0.000000,0.000000,1,G5_PLATEAU: af_delta=0.0000 < 0.05,74.33,2026-04-22T01:04:29.158633+00:00
HumanEval/37,C,correct,0.000000,0.000000,0.000000,1,G5_PLATEAU: af_delta=0.0000 < 0.05,84.27,2026-04-22T01:05:53.431038+00:00
HumanEval/37,D,correct,0.000000,0.000000,0.000000,1,G5_PLATEAU: af_delta=0.0000 < 0.05,75.48,2026-04-22T01:07:08.910983+00:00
HumanEval/38,A,correct,0.385000,1.000000,0.000000,1,G6_SHALLOW_ATTACKS: edge_coverage=0.000 < 0.75,98.40,2026-04-22T01:08:47.312372+00:00
HumanEval/38,B,correct,0.385000,1.000000,0.000000,1,G6_SHALLOW_ATTACKS: edge_coverage=0.000 < 0.75,136.89,2026-04-22T01:11:04.208794+00:00
HumanEval/38,C,correct,0.000000,0.000000,0.000000,1,G5_PLATEAU: af_delta=0.0000 < 0.05,68.71,2026-04-22T01:12:12.921463+00:00
HumanEval/38,D,correct,0.000000,0.000000,0.000000,1,G5_PLATEAU: af_delta=0.0000 < 0.05,88.17,2026-04-22T01:13:41.094258+00:00
HumanEval/39,A,correct,0.000000,0.000000,0.000000,1,G5_PLATEAU: af_delta=0.0000 < 0.05,4.66,2026-04-22T01:13:45.757039+00:00
HumanEval/39,B,correct,0.000000,0.000000,0.000000,1,G5_PLATEAU: af_delta=0.0000 < 0.05,63.44,2026-04-22T01:14:49.197207+00:00
HumanEval/39,C,correct,-0.074524,0.000000,0.000000,2,G5_PLATEAU: af_delta=-0.7452 < 0.05,508.49,2026-04-22T01:23:17.690211+00:00
HumanEval/39,D,correct,0.385000,1.000000,0.000000,1,G6_SHALLOW_ATTACKS: edge_coverage=0.000 < 0.75,237.70,2026-04-22T01:27:15.392504+00:00
HumanEval/40,A,correct,0.000000,0.000000,0.000000,1,G5_PLATEAU: af_delta=0.0000 < 0.05,30.83,2026-04-22T01:27:46.222255+00:00
HumanEval/40,B,correct,0.385000,1.000000,0.000000,1,G6_SHALLOW_ATTACKS: edge_coverage=0.000 < 0.75,1073.99,2026-04-22T01:45:40.211617+00:00
HumanEval/40,C,correct,0.000000,0.000000,0.000000,1,G5_PLATEAU: af_delta=0.0000 < 0.05,74.38,2026-04-22T01:46:54.597034+00:00
HumanEval/40,D,correct,0.000000,0.000000,0.000000,1,G5_PLATEAU: af_delta=0.0000 < 0.05,50.12,2026-04-22T01:47:44.720109+00:00
HumanEval/41,A,correct,0.385000,1.000000,0.000000,1,G6_SHALLOW_ATTACKS: edge_coverage=0.000 < 0.75,28.62,2026-04-22T01:48:13.344966+00:00
HumanEval/41,B,correct,0.000000,0.000000,0.000000,1,G5_PLATEAU: af_delta=0.0000 < 0.05,83.29,2026-04-22T01:49:36.636467+00:00
HumanEval/41,C,correct,0.385000,1.000000,0.000000,1,G6_SHALLOW_ATTACKS: edge_coverage=0.000 < 0.75,59.39,2026-04-22T01:50:36.029917+00:00
HumanEval/41,D,correct,0.000000,0.000000,0.000000,1,G5_PLATEAU: af_delta=0.0000 < 0.05,69.61,2026-04-22T01:51:45.646793+00:00
HumanEval/42,A,correct,0.000000,0.000000,0.000000,1,G5_PLATEAU: af_delta=0.0000 < 0.05,27.51,2026-04-22T01:52:13.156334+00:00
HumanEval/42,B,correct,0.000000,0.000000,0.000000,1,G5_PLATEAU: af_delta=0.0000 < 0.05,57.21,2026-04-22T01:53:10.364783+00:00
HumanEval/42,C,correct,0.000000,0.000000,0.000000,1,G5_PLATEAU: af_delta=0.0000 < 0.05,72.93,2026-04-22T01:54:23.295358+00:00
HumanEval/42,D,correct,0.000000,0.000000,0.000000,1,G5_PLATEAU: af_delta=0.0000 < 0.05,60.32,2026-04-22T01:55:23.620186+00:00
HumanEval/43,A,correct,0.000000,0.000000,0.000000,1,G5_PLATEAU: af_delta=0.0000 < 0.05,33.96,2026-04-22T01:55:57.581757+00:00
HumanEval/43,B,correct,0.000000,0.000000,0.000000,1,G5_PLATEAU: af_delta=0.0000 < 0.05,73.33,2026-04-22T01:57:10.947646+00:00
HumanEval/43,C,correct,0.000000,0.000000,0.000000,1,G5_PLATEAU: af_delta=0.0000 < 0.05,82.43,2026-04-22T01:58:33.376799+00:00
HumanEval/43,D,correct,0.000000,0.000000,0.000000,1,G5_PLATEAU: af_delta=0.0000 < 0.05,75.23,2026-04-22T01:59:48.612930+00:00
HumanEval/44,A,correct,0.000000,0.000000,0.000000,1,G5_PLATEAU: af_delta=0.0000 < 0.05,37.00,2026-04-22T02:00:25.617820+00:00
HumanEval/44,B,correct,0.000000,0.000000,0.000000,1,G5_PLATEAU: af_delta=0.0000 < 0.05,91.18,2026-04-22T02:01:56.801913+00:00
HumanEval/44,C,correct,0.000000,0.000000,0.000000,1,G5_PLATEAU: af_delta=0.0000 < 0.05,69.60,2026-04-22T02:03:06.404999+00:00
HumanEval/44,D,correct,0.000000,0.000000,0.000000,1,G5_PLATEAU: af_delta=0.0000 < 0.05,71.63,2026-04-22T02:04:18.038795+00:00
HumanEval/45,A,correct,0.000000,0.000000,0.000000,1,G5_PLATEAU: af_delta=0.0000 < 0.05,62.03,2026-04-22T02:05:20.070001+00:00
HumanEval/45,B,correct,0.000000,0.000000,0.000000,1,G5_PLATEAU: af_delta=0.0000 < 0.05,74.74,2026-04-22T02:06:34.813751+00:00
HumanEval/45,C,correct,0.000000,0.000000,0.000000,1,G5_PLATEAU: af_delta=0.0000 < 0.05,70.54,2026-04-22T02:07:45.354883+00:00
HumanEval/45,D,correct,-0.053900,0.000000,0.000000,2,G5_PLATEAU: af_delta=-0.5390 < 0.05,270.44,2026-04-22T02:12:15.802123+00:00
HumanEval/46,A,correct,0.000000,0.000000,0.000000,1,G5_PLATEAU: af_delta=0.0000 < 0.05,32.98,2026-04-22T02:12:48.783579+00:00
HumanEval/46,B,correct,0.000000,0.000000,0.000000,1,G5_PLATEAU: af_delta=0.0000 < 0.05,53.42,2026-04-22T02:13:42.218014+00:00
HumanEval/46,C,correct,0.000000,0.000000,0.000000,1,G5_PLATEAU: af_delta=0.0000 < 0.05,65.15,2026-04-22T02:14:47.369622+00:00
HumanEval/46,D,correct,0.000000,0.000000,0.000000,1,G5_PLATEAU: af_delta=0.0000 < 0.05,68.39,2026-04-22T02:15:55.765644+00:00
HumanEval/47,A,correct,0.000000,0.000000,0.000000,1,G5_PLATEAU: af_delta=0.0000 < 0.05,31.65,2026-04-22T02:16:27.422237+00:00
HumanEval/47,B,correct,0.000000,0.000000,0.000000,1,G5_PLATEAU: af_delta=0.0000 < 0.05,69.88,2026-04-22T02:17:37.306564+00:00
HumanEval/47,C,correct,0.000000,0.000000,0.000000,1,G5_PLATEAU: af_delta=0.0000 < 0.05,56.52,2026-04-22T02:18:33.832944+00:00
HumanEval/47,D,correct,-0.076267,0.000000,0.000000,2,G5_PLATEAU: af_delta=-0.7627 < 0.05,373.60,2026-04-22T02:24:47.447008+00:00
HumanEval/48,A,correct,0.000000,0.000000,0.000000,1,G5_PLATEAU: af_delta=0.0000 < 0.05,22.70,2026-04-22T02:25:10.151017+00:00
HumanEval/48,B,correct,0.000000,0.000000,0.000000,1,G5_PLATEAU: af_delta=0.0000 < 0.05,77.13,2026-04-22T02:26:27.280330+00:00
HumanEval/48,C,correct,0.000000,0.000000,0.000000,1,G5_PLATEAU: af_delta=0.0000 < 0.05,63.37,2026-04-22T02:27:30.653207+00:00
HumanEval/48,D,correct,0.000000,0.000000,0.000000,1,G5_PLATEAU: af_delta=0.0000 < 0.05,72.14,2026-04-22T02:28:42.799774+00:00
HumanEval/49,A,correct,0.000000,0.000000,0.000000,1,G5_PLATEAU: af_delta=0.0000 < 0.05,63.04,2026-04-22T02:29:45.837046+00:00
HumanEval/49,B,correct,0.000000,0.000000,0.000000,1,G5_PLATEAU: af_delta=0.0000 < 0.05,88.24,2026-04-22T02:31:14.075667+00:00
HumanEval/49,C,correct,0.000000,0.000000,0.000000,1,G5_PLATEAU: af_delta=0.0000 < 0.05,93.21,2026-04-22T02:32:47.288620+00:00
HumanEval/49,D,correct,0.000000,0.000000,0.000000,1,G5_PLATEAU: af_delta=0.0000 < 0.05,75.59,2026-04-22T02:34:02.881864+00:00
HumanEval/50,A,correct,0.000000,0.000000,0.000000,1,G5_PLATEAU: af_delta=0.0000 < 0.05,59.26,2026-04-22T02:35:02.147950+00:00
HumanEval/50,B,correct,0.000000,0.000000,0.000000,1,G5_PLATEAU: af_delta=0.0000 < 0.05,76.89,2026-04-22T02:36:19.042543+00:00
HumanEval/50,C,correct,0.000000,0.000000,0.000000,1,G5_PLATEAU: af_delta=0.0000 < 0.05,83.80,2026-04-22T02:37:42.840924+00:00
HumanEval/50,D,correct,0.000000,0.000000,0.000000,1,G5_PLATEAU: af_delta=0.0000 < 0.05,65.97,2026-04-22T02:38:48.815749+00:00
HumanEval/51,A,correct,0.000000,0.000000,0.000000,1,G5_PLATEAU: af_delta=0.0000 < 0.05,35.57,2026-04-22T02:39:24.387681+00:00
HumanEval/51,B,correct,0.000000,0.000000,0.000000,1,G5_PLATEAU: af_delta=0.0000 < 0.05,61.75,2026-04-22T02:40:26.139933+00:00
HumanEval/51,C,correct,0.000000,0.000000,0.000000,1,G5_PLATEAU: af_delta=0.0000 < 0.05,80.51,2026-04-22T02:41:46.656231+00:00
HumanEval/51,D,correct,0.000000,0.000000,0.000000,1,G5_PLATEAU: af_delta=0.0000 < 0.05,84.91,2026-04-22T02:43:11.569633+00:00
HumanEval/52,A,correct,0.000000,0.000000,0.000000,1,G5_PLATEAU: af_delta=0.0000 < 0.05,40.50,2026-04-22T02:43:52.072868+00:00
HumanEval/52,B,correct,0.000000,0.000000,0.000000,1,G5_PLATEAU: af_delta=0.0000 < 0.05,69.75,2026-04-22T02:45:01.829721+00:00
HumanEval/52,C,correct,0.000000,0.000000,0.000000,1,G5_PLATEAU: af_delta=0.0000 < 0.05,65.62,2026-04-22T02:46:07.453652+00:00
HumanEval/52,D,correct,0.000000,0.000000,0.000000,1,G5_PLATEAU: af_delta=0.0000 < 0.05,70.15,2026-04-22T02:47:17.604857+00:00
HumanEval/53,A,correct,0.385000,1.000000,0.000000,1,G6_SHALLOW_ATTACKS: edge_coverage=0.000 < 0.75,202.84,2026-04-22T02:50:40.446664+00:00
HumanEval/53,B,correct,0.000000,0.000000,0.000000,1,G5_PLATEAU: af_delta=0.0000 < 0.05,66.26,2026-04-22T02:51:46.704756+00:00
HumanEval/53,C,correct,0.000000,0.000000,0.000000,1,G5_PLATEAU: af_delta=0.0000 < 0.05,75.12,2026-04-22T02:53:01.823296+00:00
HumanEval/53,D,correct,0.000000,0.000000,0.000000,1,G5_PLATEAU: af_delta=0.0000 < 0.05,79.49,2026-04-22T02:54:21.316710+00:00
HumanEval/54,A,correct,0.000000,0.000000,0.000000,1,G5_PLATEAU: af_delta=0.0000 < 0.05,49.66,2026-04-22T02:55:10.986137+00:00
HumanEval/54,B,correct,0.000000,0.000000,0.000000,1,G5_PLATEAU: af_delta=0.0000 < 0.05,52.01,2026-04-22T02:56:03.001734+00:00
HumanEval/54,C,correct,0.000000,0.000000,0.000000,1,G5_PLATEAU: af_delta=0.0000 < 0.05,83.64,2026-04-22T02:57:26.643923+00:00
HumanEval/54,D,correct,0.000000,0.000000,0.000000,1,G5_PLATEAU: af_delta=0.0000 < 0.05,65.04,2026-04-22T02:58:31.691530+00:00
HumanEval/55,A,correct,0.000000,0.000000,0.000000,1,G5_PLATEAU: af_delta=0.0000 < 0.05,30.80,2026-04-22T02:59:02.492703+00:00
HumanEval/55,B,correct,0.000000,0.000000,0.000000,1,G5_PLATEAU: af_delta=0.0000 < 0.05,129.07,2026-04-22T03:01:11.562636+00:00
HumanEval/55,C,correct,0.000000,0.000000,0.000000,1,G5_PLATEAU: af_delta=0.0000 < 0.05,106.06,2026-04-22T03:02:57.628335+00:00
HumanEval/55,D,correct,0.000000,0.000000,0.000000,1,G5_PLATEAU: af_delta=0.0000 < 0.05,54.27,2026-04-22T03:03:51.896358+00:00
HumanEval/56,A,correct,0.000000,0.000000,0.000000,1,G5_PLATEAU: af_delta=0.0000 < 0.05,43.75,2026-04-22T03:04:35.647847+00:00
HumanEval/56,B,correct,0.000000,0.000000,0.000000,1,G5_PLATEAU: af_delta=0.0000 < 0.05,77.79,2026-04-22T03:05:53.458051+00:00
HumanEval/56,C,correct,0.000000,0.000000,0.000000,1,G5_PLATEAU: af_delta=0.0000 < 0.05,82.25,2026-04-22T03:07:15.707820+00:00
HumanEval/56,D,correct,0.000000,0.000000,0.000000,1,G5_PLATEAU: af_delta=0.0000 < 0.05,79.03,2026-04-22T03:08:34.748199+00:00
HumanEval/57,A,correct,0.000000,0.000000,0.000000,1,G5_PLATEAU: af_delta=0.0000 < 0.05,29.76,2026-04-22T03:09:04.522066+00:00
HumanEval/57,B,correct,0.000000,0.000000,0.000000,1,G5_PLATEAU: af_delta=0.0000 < 0.05,82.24,2026-04-22T03:10:26.764767+00:00
HumanEval/57,C,correct,0.000000,0.000000,0.000000,1,G5_PLATEAU: af_delta=0.0000 < 0.05,50.26,2026-04-22T03:11:17.032072+00:00
HumanEval/57,D,correct,0.000000,0.000000,0.000000,1,G5_PLATEAU: af_delta=0.0000 < 0.05,41.18,2026-04-22T03:11:58.211788+00:00
HumanEval/58,A,correct,0.000000,0.000000,0.000000,1,G5_PLATEAU: af_delta=0.0000 < 0.05,64.29,2026-04-22T03:13:02.507157+00:00
HumanEval/58,B,correct,0.000000,0.000000,0.000000,1,G5_PLATEAU: af_delta=0.0000 < 0.05,63.10,2026-04-22T03:14:05.608651+00:00
HumanEval/58,C,correct,0.000000,0.000000,0.000000,1,G5_PLATEAU: af_delta=0.0000 < 0.05,99.13,2026-04-22T03:15:44.737619+00:00
HumanEval/58,D,correct,0.000000,0.000000,0.000000,1,G5_PLATEAU: af_delta=0.0000 < 0.05,75.45,2026-04-22T03:17:00.190436+00:00
HumanEval/59,A,correct,0.385000,1.000000,0.000000,1,G6_SHALLOW_ATTACKS: edge_coverage=0.000 < 0.75,231.89,2026-04-22T03:20:52.084550+00:00
HumanEval/59,B,correct,0.000000,0.000000,0.000000,1,G5_PLATEAU: af_delta=0.0000 < 0.05,73.56,2026-04-22T03:22:05.645987+00:00
HumanEval/59,C,correct,0.385000,1.000000,0.000000,1,G6_SHALLOW_ATTACKS: edge_coverage=0.000 < 0.75,54.98,2026-04-22T03:23:00.631081+00:00
HumanEval/59,D,correct,0.000000,0.000000,0.000000,1,G5_PLATEAU: af_delta=0.0000 < 0.05,96.67,2026-04-22T03:24:37.302142+00:00
HumanEval/60,A,correct,0.000000,0.000000,0.000000,1,G5_PLATEAU: af_delta=0.0000 < 0.05,49.10,2026-04-22T03:25:26.407889+00:00
HumanEval/60,B,correct,0.000000,0.000000,0.000000,1,G5_PLATEAU: af_delta=0.0000 < 0.05,69.40,2026-04-22T03:26:35.804127+00:00
HumanEval/60,C,correct,0.000000,0.000000,0.000000,1,G5_PLATEAU: af_delta=0.0000 < 0.05,102.34,2026-04-22T03:28:18.147049+00:00
HumanEval/60,D,correct,0.385000,1.000000,0.000000,1,G6_SHALLOW_ATTACKS: edge_coverage=0.000 < 0.75,34.18,2026-04-22T03:28:52.325999+00:00
HumanEval/61,A,correct,0.000000,0.000000,0.000000,1,G5_PLATEAU: af_delta=0.0000 < 0.05,62.66,2026-04-22T03:29:54.989893+00:00
HumanEval/61,B,correct,0.000000,0.000000,0.000000,1,G5_PLATEAU: af_delta=0.0000 < 0.05,55.68,2026-04-22T03:30:50.669095+00:00
HumanEval/61,C,correct,0.000000,0.000000,0.000000,1,G5_PLATEAU: af_delta=0.0000 < 0.05,64.96,2026-04-22T03:31:55.626945+00:00
HumanEval/61,D,correct,0.000000,0.000000,0.000000,1,G5_PLATEAU: af_delta=0.0000 < 0.05,73.73,2026-04-22T03:33:09.359328+00:00
HumanEval/62,A,correct,0.000000,0.000000,0.000000,1,G5_PLATEAU: af_delta=0.0000 < 0.05,35.43,2026-04-22T03:33:44.785302+00:00
HumanEval/62,B,correct,0.000000,0.000000,0.000000,1,G5_PLATEAU: af_delta=0.0000 < 0.05,77.78,2026-04-22T03:35:02.561140+00:00
HumanEval/62,C,correct,0.000000,0.000000,0.000000,1,G5_PLATEAU: af_delta=0.0000 < 0.05,82.47,2026-04-22T03:36:25.032367+00:00
HumanEval/62,D,correct,0.000000,0.000000,0.000000,1,G5_PLATEAU: af_delta=0.0000 < 0.05,73.82,2026-04-22T03:37:38.849146+00:00
HumanEval/63,A,correct,0.000000,0.000000,0.000000,1,G5_PLATEAU: af_delta=0.0000 < 0.05,22.87,2026-04-22T03:38:01.717509+00:00
HumanEval/63,B,correct,0.000000,0.000000,0.000000,1,G5_PLATEAU: af_delta=0.0000 < 0.05,61.10,2026-04-22T03:39:02.815189+00:00
HumanEval/63,C,correct,0.000000,0.000000,0.000000,1,G5_PLATEAU: af_delta=0.0000 < 0.05,62.41,2026-04-22T03:40:05.226892+00:00
HumanEval/63,D,correct,0.000000,0.000000,0.000000,1,G5_PLATEAU: af_delta=0.0000 < 0.05,45.90,2026-04-22T03:40:51.133649+00:00
HumanEval/64,A,correct,0.000000,0.000000,0.000000,1,G5_PLATEAU: af_delta=0.0000 < 0.05,26.06,2026-04-22T03:41:17.191162+00:00
HumanEval/64,B,correct,0.000000,0.000000,0.000000,1,G5_PLATEAU: af_delta=0.0000 < 0.05,42.54,2026-04-22T03:41:59.732888+00:00
HumanEval/64,C,correct,0.000000,0.000000,0.000000,1,G5_PLATEAU: af_delta=0.0000 < 0.05,80.75,2026-04-22T03:43:20.487064+00:00
HumanEval/64,D,correct,0.000000,0.000000,0.000000,1,G5_PLATEAU: af_delta=0.0000 < 0.05,67.41,2026-04-22T03:44:27.901619+00:00
HumanEval/65,A,correct,0.000000,0.000000,0.000000,1,G5_PLATEAU: af_delta=0.0000 < 0.05,37.44,2026-04-22T03:45:05.339684+00:00
HumanEval/65,B,correct,0.000000,0.000000,0.000000,1,G5_PLATEAU: af_delta=0.0000 < 0.05,85.04,2026-04-22T03:46:30.376474+00:00
HumanEval/65,C,correct,0.000000,0.000000,0.000000,1,G5_PLATEAU: af_delta=0.0000 < 0.05,79.73,2026-04-22T03:47:50.111719+00:00
HumanEval/65,D,correct,0.000000,0.000000,0.000000,1,G5_PLATEAU: af_delta=0.0000 < 0.05,74.56,2026-04-22T03:49:04.674521+00:00
HumanEval/66,A,correct,0.000000,0.000000,0.000000,1,G5_PLATEAU: af_delta=0.0000 < 0.05,41.81,2026-04-22T03:49:46.487063+00:00
HumanEval/66,B,correct,0.000000,0.000000,0.000000,1,G5_PLATEAU: af_delta=0.0000 < 0.05,62.36,2026-04-22T03:50:48.843828+00:00
HumanEval/66,C,correct,0.000000,0.000000,0.000000,1,G5_PLATEAU: af_delta=0.0000 < 0.05,95.86,2026-04-22T03:52:24.707646+00:00
HumanEval/66,D,correct,0.000000,0.000000,0.000000,1,G5_PLATEAU: af_delta=0.0000 < 0.05,76.32,2026-04-22T03:53:41.031053+00:00
HumanEval/67,A,correct,0.000000,0.000000,0.000000,1,G5_PLATEAU: af_delta=0.0000 < 0.05,38.05,2026-04-22T03:54:19.078082+00:00
HumanEval/67,B,correct,0.000000,0.000000,0.000000,1,G5_PLATEAU: af_delta=0.0000 < 0.05,68.90,2026-04-22T03:55:27.974335+00:00
HumanEval/67,C,correct,0.000000,0.000000,0.000000,1,G5_PLATEAU: af_delta=0.0000 < 0.05,71.19,2026-04-22T03:56:39.169621+00:00
HumanEval/67,D,correct,0.000000,0.000000,0.000000,1,G5_PLATEAU: af_delta=0.0000 < 0.05,66.21,2026-04-22T03:57:45.377978+00:00
HumanEval/68,A,correct,0.000000,0.000000,0.000000,1,G5_PLATEAU: af_delta=0.0000 < 0.05,24.68,2026-04-22T03:58:10.062992+00:00
HumanEval/68,B,correct,0.385000,1.000000,0.000000,1,G6_SHALLOW_ATTACKS: edge_coverage=0.000 < 0.75,38.99,2026-04-22T03:58:49.054068+00:00
HumanEval/68,C,correct,0.000000,0.000000,0.000000,1,G5_PLATEAU: af_delta=0.0000 < 0.05,86.95,2026-04-22T04:00:16.004897+00:00
HumanEval/68,D,correct,0.000000,0.000000,0.000000,1,G5_PLATEAU: af_delta=0.0000 < 0.05,71.66,2026-04-22T04:01:27.669800+00:00
HumanEval/69,A,correct,0.385000,1.000000,0.000000,1,G6_SHALLOW_ATTACKS: edge_coverage=0.000 < 0.75,4.43,2026-04-22T04:01:32.102163+00:00
HumanEval/69,B,correct,0.000000,0.000000,0.000000,1,G5_PLATEAU: af_delta=0.0000 < 0.05,89.49,2026-04-22T04:03:01.593768+00:00
HumanEval/69,C,correct,0.000000,0.000000,0.000000,1,G5_PLATEAU: af_delta=0.0000 < 0.05,94.21,2026-04-22T04:04:35.809431+00:00
HumanEval/69,D,correct,0.000000,0.000000,0.000000,1,G5_PLATEAU: af_delta=0.0000 < 0.05,59.40,2026-04-22T04:05:35.212151+00:00
HumanEval/70,A,correct,0.385000,1.000000,0.000000,1,G6_SHALLOW_ATTACKS: edge_coverage=0.000 < 0.75,6.24,2026-04-22T04:05:41.454789+00:00
HumanEval/70,B,correct,0.385000,1.000000,0.000000,1,G6_SHALLOW_ATTACKS: edge_coverage=0.000 < 0.75,191.82,2026-04-22T04:08:53.276352+00:00
HumanEval/70,C,correct,0.000000,0.000000,0.000000,1,G5_PLATEAU: af_delta=0.0000 < 0.05,64.21,2026-04-22T04:09:57.489233+00:00
HumanEval/70,D,correct,0.000000,0.000000,0.000000,1,G5_PLATEAU: af_delta=0.0000 < 0.05,56.84,2026-04-22T04:10:54.329420+00:00
HumanEval/71,A,correct,0.000000,0.000000,0.000000,1,G5_PLATEAU: af_delta=0.0000 < 0.05,35.52,2026-04-22T04:11:29.847623+00:00
HumanEval/71,B,correct,0.000000,0.000000,0.000000,1,G5_PLATEAU: af_delta=0.0000 < 0.05,73.98,2026-04-22T04:12:43.829160+00:00
HumanEval/71,C,correct,0.000000,0.000000,0.000000,1,G5_PLATEAU: af_delta=0.0000 < 0.05,88.06,2026-04-22T04:14:11.889031+00:00
HumanEval/71,D,correct,0.000000,0.000000,0.000000,1,G5_PLATEAU: af_delta=0.0000 < 0.05,78.56,2026-04-22T04:15:30.454826+00:00
HumanEval/72,A,correct,0.000000,0.000000,0.000000,1,G5_PLATEAU: af_delta=0.0000 < 0.05,45.55,2026-04-22T04:16:16.007380+00:00
HumanEval/72,B,correct,0.000000,0.000000,0.000000,1,G5_PLATEAU: af_delta=0.0000 < 0.05,66.22,2026-04-22T04:17:22.233226+00:00
HumanEval/72,C,correct,0.000000,0.000000,0.000000,1,G5_PLATEAU: af_delta=0.0000 < 0.05,77.11,2026-04-22T04:18:39.347645+00:00
HumanEval/72,D,correct,0.000000,0.000000,0.000000,1,G5_PLATEAU: af_delta=0.0000 < 0.05,78.71,2026-04-22T04:19:58.060290+00:00
HumanEval/73,A,correct,0.000000,0.000000,0.000000,1,G5_PLATEAU: af_delta=0.0000 < 0.05,36.46,2026-04-22T04:20:34.522265+00:00
HumanEval/73,B,correct,0.000000,0.000000,0.000000,1,G5_PLATEAU: af_delta=0.0000 < 0.05,89.54,2026-04-22T04:22:04.062219+00:00
HumanEval/73,C,correct,0.000000,0.000000,0.000000,1,G5_PLATEAU: af_delta=0.0000 < 0.05,71.96,2026-04-22T04:23:16.021099+00:00
HumanEval/73,D,correct,0.000000,0.000000,0.000000,1,G5_PLATEAU: af_delta=0.0000 < 0.05,101.32,2026-04-22T04:24:57.337549+00:00
HumanEval/74,A,correct,0.000000,0.000000,0.000000,1,G5_PLATEAU: af_delta=0.0000 < 0.05,68.07,2026-04-22T04:26:05.407905+00:00
HumanEval/74,B,correct,0.000000,0.000000,0.000000,1,G5_PLATEAU: af_delta=0.0000 < 0.05,86.25,2026-04-22T04:27:31.656449+00:00
HumanEval/74,C,correct,0.000000,0.000000,0.000000,1,G5_PLATEAU: af_delta=0.0000 < 0.05,66.97,2026-04-22T04:28:38.628829+00:00
HumanEval/74,D,correct,0.000000,0.000000,0.000000,1,G5_PLATEAU: af_delta=0.0000 < 0.05,76.09,2026-04-22T04:29:54.724493+00:00
HumanEval/75,A,correct,0.000000,0.000000,0.000000,1,G5_PLATEAU: af_delta=0.0000 < 0.05,35.74,2026-04-22T04:30:30.461322+00:00
HumanEval/75,B,correct,0.000000,0.000000,0.000000,1,G5_PLATEAU: af_delta=0.0000 < 0.05,81.92,2026-04-22T04:31:52.383904+00:00
HumanEval/75,C,correct,0.000000,0.000000,0.000000,1,G5_PLATEAU: af_delta=0.0000 < 0.05,69.56,2026-04-22T04:33:01.948008+00:00
HumanEval/75,D,correct,0.000000,0.000000,0.000000,1,G5_PLATEAU: af_delta=0.0000 < 0.05,76.10,2026-04-22T04:34:18.052868+00:00
HumanEval/76,A,correct,0.000000,0.000000,0.000000,1,G5_PLATEAU: af_delta=0.0000 < 0.05,22.93,2026-04-22T04:34:40.981835+00:00
HumanEval/76,B,correct,0.000000,0.000000,0.000000,1,G5_PLATEAU: af_delta=0.0000 < 0.05,78.71,2026-04-22T04:35:59.694800+00:00
HumanEval/76,C,correct,0.000000,0.000000,0.000000,1,G5_PLATEAU: af_delta=0.0000 < 0.05,69.02,2026-04-22T04:37:08.714534+00:00
HumanEval/76,D,correct,0.000000,0.000000,0.000000,1,G5_PLATEAU: af_delta=0.0000 < 0.05,88.67,2026-04-22T04:38:37.389482+00:00
HumanEval/77,A,correct,0.000000,0.000000,0.000000,1,G5_PLATEAU: af_delta=0.0000 < 0.05,36.01,2026-04-22T04:39:13.402757+00:00
HumanEval/77,B,correct,0.000000,0.000000,0.000000,1,G5_PLATEAU: af_delta=0.0000 < 0.05,71.40,2026-04-22T04:40:24.801788+00:00
HumanEval/77,C,correct,0.000000,0.000000,0.000000,1,G5_PLATEAU: af_delta=0.0000 < 0.05,80.36,2026-04-22T04:41:45.165876+00:00
HumanEval/77,D,correct,0.000000,0.000000,0.000000,1,G5_PLATEAU: af_delta=0.0000 < 0.05,85.44,2026-04-22T04:43:10.611132+00:00
HumanEval/78,A,correct,0.385000,1.000000,0.000000,1,G6_SHALLOW_ATTACKS: edge_coverage=0.000 < 0.75,20.16,2026-04-22T04:43:30.773799+00:00
HumanEval/78,B,correct,-0.054445,0.000000,0.000000,3,G5_PLATEAU: af_delta=-0.5445 < 0.05,843.53,2026-04-22T04:57:34.301364+00:00
HumanEval/78,C,correct,0.385000,1.000000,0.000000,1,G6_SHALLOW_ATTACKS: edge_coverage=0.000 < 0.75,41.69,2026-04-22T04:58:15.994298+00:00
HumanEval/78,D,correct,-0.055458,0.000000,0.000000,2,G5_PLATEAU: af_delta=-0.5546 < 0.05,146.59,2026-04-22T05:00:42.586899+00:00
HumanEval/79,A,correct,0.000000,0.000000,0.000000,1,G5_PLATEAU: af_delta=0.0000 < 0.05,27.93,2026-04-22T05:01:10.513160+00:00
HumanEval/79,B,correct,0.000000,0.000000,0.000000,1,G5_PLATEAU: af_delta=0.0000 < 0.05,185.03,2026-04-22T05:04:15.544651+00:00
HumanEval/79,C,correct,0.000000,0.000000,0.000000,1,G5_PLATEAU: af_delta=0.0000 < 0.05,69.29,2026-04-22T05:05:24.835095+00:00
HumanEval/79,D,correct,0.000000,0.000000,0.000000,1,G5_PLATEAU: af_delta=0.0000 < 0.05,62.43,2026-04-22T05:06:27.268253+00:00
HumanEval/80,A,correct,0.000000,0.000000,0.000000,1,G5_PLATEAU: af_delta=0.0000 < 0.05,41.20,2026-04-22T05:07:08.471428+00:00
HumanEval/80,B,correct,0.000000,0.000000,0.000000,1,G5_PLATEAU: af_delta=0.0000 < 0.05,82.60,2026-04-22T05:08:31.076301+00:00
HumanEval/80,C,correct,0.000000,0.000000,0.000000,1,G5_PLATEAU: af_delta=0.0000 < 0.05,104.90,2026-04-22T05:10:15.979299+00:00
HumanEval/80,D,correct,0.000000,0.000000,0.000000,1,G5_PLATEAU: af_delta=0.0000 < 0.05,75.85,2026-04-22T05:11:31.832968+00:00
HumanEval/81,A,correct,0.000000,0.000000,0.000000,1,G5_PLATEAU: af_delta=0.0000 < 0.05,43.23,2026-04-22T05:12:15.062712+00:00
HumanEval/81,B,correct,0.000000,0.000000,0.000000,1,G5_PLATEAU: af_delta=0.0000 < 0.05,67.64,2026-04-22T05:13:22.706275+00:00
HumanEval/81,C,correct,0.000000,0.000000,0.000000,1,G5_PLATEAU: af_delta=0.0000 < 0.05,135.03,2026-04-22T05:15:37.735773+00:00
HumanEval/81,D,correct,0.000000,0.000000,0.000000,1,G5_PLATEAU: af_delta=0.0000 < 0.05,74.81,2026-04-22T05:16:52.550416+00:00
HumanEval/82,A,correct,0.000000,0.000000,0.000000,1,G5_PLATEAU: af_delta=0.0000 < 0.05,147.98,2026-04-22T05:19:20.533832+00:00
HumanEval/82,B,correct,0.000000,0.000000,0.000000,1,G5_PLATEAU: af_delta=0.0000 < 0.05,61.51,2026-04-22T05:20:22.046742+00:00
HumanEval/82,C,correct,0.000000,0.000000,0.000000,1,G5_PLATEAU: af_delta=0.0000 < 0.05,76.03,2026-04-22T05:21:38.081372+00:00
HumanEval/82,D,correct,0.000000,0.000000,0.000000,1,G5_PLATEAU: af_delta=0.0000 < 0.05,83.49,2026-04-22T05:23:01.575484+00:00
HumanEval/83,A,correct,0.385000,1.000000,0.000000,1,G6_SHALLOW_ATTACKS: edge_coverage=0.000 < 0.75,449.46,2026-04-22T05:30:31.038990+00:00
HumanEval/83,B,correct,0.000000,0.000000,0.000000,1,G5_PLATEAU: af_delta=0.0000 < 0.05,140.33,2026-04-22T05:32:51.373780+00:00
HumanEval/83,C,correct,0.000000,0.000000,0.000000,1,G5_PLATEAU: af_delta=0.0000 < 0.05,212.86,2026-04-22T05:36:24.233818+00:00
HumanEval/83,D,correct,0.000000,0.000000,0.000000,1,G5_PLATEAU: af_delta=0.0000 < 0.05,68.85,2026-04-22T05:37:33.089871+00:00
HumanEval/84,A,correct,0.000000,0.000000,0.000000,1,G5_PLATEAU: af_delta=0.0000 < 0.05,40.67,2026-04-22T05:38:13.757477+00:00
HumanEval/84,B,correct,0.000000,0.000000,0.000000,1,G5_PLATEAU: af_delta=0.0000 < 0.05,64.60,2026-04-22T05:39:18.357546+00:00
HumanEval/84,C,correct,-0.073333,0.000000,0.000000,2,G5_PLATEAU: af_delta=-0.7333 < 0.05,315.05,2026-04-22T05:44:33.411272+00:00
HumanEval/84,D,correct,0.000000,0.000000,0.000000,1,G5_PLATEAU: af_delta=0.0000 < 0.05,65.48,2026-04-22T05:45:38.896146+00:00
HumanEval/85,A,correct,0.000000,0.000000,0.000000,1,G5_PLATEAU: af_delta=0.0000 < 0.05,42.43,2026-04-22T05:46:21.322992+00:00
HumanEval/85,B,correct,0.000000,0.000000,0.000000,1,G5_PLATEAU: af_delta=0.0000 < 0.05,53.33,2026-04-22T05:47:14.652406+00:00
HumanEval/85,C,correct,0.385000,1.000000,0.000000,1,G6_SHALLOW_ATTACKS: edge_coverage=0.000 < 0.75,182.03,2026-04-22T05:50:16.678771+00:00
HumanEval/85,D,correct,0.000000,0.000000,0.000000,1,G5_PLATEAU: af_delta=0.0000 < 0.05,61.45,2026-04-22T05:51:18.131562+00:00
HumanEval/86,A,degraded,0.000000,0.000000,0.000000,1,G2_CANONICAL_REGRESSION: pass@k=0.000,244.20,2026-04-22T05:55:22.334775+00:00
HumanEval/86,B,correct,0.000000,0.000000,0.000000,1,G5_PLATEAU: af_delta=0.0000 < 0.05,62.73,2026-04-22T05:56:25.067598+00:00
HumanEval/86,C,correct,0.000000,0.000000,0.000000,1,G5_PLATEAU: af_delta=0.0000 < 0.05,59.20,2026-04-22T05:57:24.270307+00:00
HumanEval/86,D,correct,0.000000,0.000000,0.000000,1,G5_PLATEAU: af_delta=0.0000 < 0.05,67.89,2026-04-22T05:58:32.157563+00:00
HumanEval/87,A,correct,0.000000,0.000000,0.000000,1,G5_PLATEAU: af_delta=0.0000 < 0.05,34.53,2026-04-22T05:59:06.683625+00:00
HumanEval/87,B,correct,0.000000,0.000000,0.000000,1,G5_PLATEAU: af_delta=0.0000 < 0.05,50.20,2026-04-22T05:59:56.887745+00:00
HumanEval/87,C,correct,0.000000,0.000000,0.000000,1,G5_PLATEAU: af_delta=0.0000 < 0.05,72.54,2026-04-22T06:01:09.432434+00:00
HumanEval/87,D,correct,0.000000,0.000000,0.000000,1,G5_PLATEAU: af_delta=0.0000 < 0.05,86.83,2026-04-22T06:02:36.269669+00:00
HumanEval/88,A,degraded,0.000000,0.000000,0.000000,1,G2_CANONICAL_REGRESSION: pass@k=0.000,110.71,2026-04-22T06:04:26.978423+00:00
HumanEval/88,B,degraded,-0.050875,0.000000,0.000000,2,G2_CANONICAL_REGRESSION: pass@k=0.000,361.55,2026-04-22T06:10:28.531077+00:00
HumanEval/88,C,correct,0.000000,0.000000,0.000000,1,G5_PLATEAU: af_delta=0.0000 < 0.05,45.50,2026-04-22T06:11:14.029703+00:00
HumanEval/88,D,correct,0.385000,1.000000,0.000000,1,G6_SHALLOW_ATTACKS: edge_coverage=0.000 < 0.75,1141.94,2026-04-22T06:30:15.971864+00:00
HumanEval/89,A,correct,0.000000,0.000000,0.000000,1,G5_PLATEAU: af_delta=0.0000 < 0.05,33.80,2026-04-22T06:30:49.772822+00:00
HumanEval/89,B,correct,0.000000,0.000000,0.000000,1,G5_PLATEAU: af_delta=0.0000 < 0.05,64.34,2026-04-22T06:31:54.117052+00:00
HumanEval/89,C,correct,0.000000,0.000000,0.000000,1,G5_PLATEAU: af_delta=0.0000 < 0.05,409.00,2026-04-22T06:38:43.122810+00:00
HumanEval/89,D,correct,0.385000,1.000000,0.000000,1,G6_SHALLOW_ATTACKS: edge_coverage=0.000 < 0.75,255.44,2026-04-22T06:42:58.562233+00:00
HumanEval/90,A,correct,0.000000,0.000000,0.000000,1,G5_PLATEAU: af_delta=0.0000 < 0.05,41.84,2026-04-22T06:43:40.399231+00:00
HumanEval/90,B,correct,0.000000,0.000000,0.000000,1,G5_PLATEAU: af_delta=0.0000 < 0.05,78.43,2026-04-22T06:44:58.834089+00:00
HumanEval/90,C,correct,0.000000,0.000000,0.000000,1,G5_PLATEAU: af_delta=0.0000 < 0.05,73.51,2026-04-22T06:46:12.346969+00:00
HumanEval/90,D,correct,0.000000,0.000000,0.000000,1,G5_PLATEAU: af_delta=0.0000 < 0.05,62.47,2026-04-22T06:47:14.814697+00:00
HumanEval/91,A,correct,0.000000,0.000000,0.000000,1,G5_PLATEAU: af_delta=0.0000 < 0.05,51.25,2026-04-22T06:48:06.065354+00:00
HumanEval/91,B,correct,0.000000,0.000000,0.000000,1,G5_PLATEAU: af_delta=0.0000 < 0.05,84.85,2026-04-22T06:49:30.919733+00:00
HumanEval/91,C,correct,0.000000,0.000000,0.000000,1,G5_PLATEAU: af_delta=0.0000 < 0.05,86.23,2026-04-22T06:50:57.149286+00:00
HumanEval/91,D,correct,0.000000,0.000000,0.000000,1,G5_PLATEAU: af_delta=0.0000 < 0.05,71.23,2026-04-22T06:52:08.381734+00:00
HumanEval/92,A,correct,0.000000,0.000000,0.000000,1,G5_PLATEAU: af_delta=0.0000 < 0.05,35.42,2026-04-22T06:52:43.803217+00:00
HumanEval/92,B,correct,0.000000,0.000000,0.000000,1,G5_PLATEAU: af_delta=0.0000 < 0.05,143.60,2026-04-22T06:55:07.401093+00:00
HumanEval/92,C,correct,0.000000,0.000000,0.000000,1,G5_PLATEAU: af_delta=0.0000 < 0.05,68.27,2026-04-22T06:56:15.673882+00:00
HumanEval/92,D,correct,0.000000,0.000000,0.000000,1,G5_PLATEAU: af_delta=0.0000 < 0.05,71.34,2026-04-22T06:57:27.021393+00:00
HumanEval/93,A,correct,0.000000,0.000000,0.000000,1,G5_PLATEAU: af_delta=0.0000 < 0.05,25.32,2026-04-22T06:57:52.342785+00:00
HumanEval/93,B,correct,0.385000,1.000000,0.000000,1,G6_SHALLOW_ATTACKS: edge_coverage=0.000 < 0.75,47.32,2026-04-22T06:58:39.665090+00:00
HumanEval/93,C,correct,0.000000,0.000000,0.000000,1,G5_PLATEAU: af_delta=0.0000 < 0.05,66.96,2026-04-22T06:59:46.623407+00:00
HumanEval/93,D,correct,0.000000,0.000000,0.000000,1,G5_PLATEAU: af_delta=0.0000 < 0.05,58.45,2026-04-22T07:00:45.072146+00:00
HumanEval/94,A,correct,0.000000,0.000000,0.000000,1,G5_PLATEAU: af_delta=0.0000 < 0.05,29.18,2026-04-22T07:01:14.255848+00:00
HumanEval/94,B,correct,0.000000,0.000000,0.000000,1,G5_PLATEAU: af_delta=0.0000 < 0.05,69.75,2026-04-22T07:02:24.001957+00:00
HumanEval/94,C,correct,0.000000,0.000000,0.000000,1,G5_PLATEAU: af_delta=0.0000 < 0.05,97.89,2026-04-22T07:04:01.890018+00:00
HumanEval/94,D,correct,-0.064519,0.000000,0.000000,2,G5_PLATEAU: af_delta=-0.6452 < 0.05,183.09,2026-04-22T07:07:04.983041+00:00
HumanEval/95,A,correct,0.000000,0.000000,0.000000,1,G5_PLATEAU: af_delta=0.0000 < 0.05,39.77,2026-04-22T07:07:44.750817+00:00
HumanEval/95,B,correct,0.000000,0.000000,0.000000,1,G5_PLATEAU: af_delta=0.0000 < 0.05,70.55,2026-04-22T07:08:55.298938+00:00
HumanEval/95,C,correct,0.000000,0.000000,0.000000,1,G5_PLATEAU: af_delta=0.0000 < 0.05,72.88,2026-04-22T07:10:08.181924+00:00
HumanEval/95,D,correct,0.000000,0.000000,0.000000,1,G5_PLATEAU: af_delta=0.0000 < 0.05,83.83,2026-04-22T07:11:32.011916+00:00
HumanEval/96,A,correct,0.000000,0.000000,0.000000,1,G5_PLATEAU: af_delta=0.0000 < 0.05,28.52,2026-04-22T07:12:00.530631+00:00
HumanEval/96,B,correct,0.000000,0.000000,0.000000,1,G5_PLATEAU: af_delta=0.0000 < 0.05,57.14,2026-04-22T07:12:57.671903+00:00
HumanEval/96,C,correct,0.000000,0.000000,0.000000,1,G5_PLATEAU: af_delta=0.0000 < 0.05,53.41,2026-04-22T07:13:51.086078+00:00
HumanEval/96,D,correct,0.000000,0.000000,0.000000,1,G5_PLATEAU: af_delta=0.0000 < 0.05,80.75,2026-04-22T07:15:11.842360+00:00
HumanEval/97,A,correct,0.385000,1.000000,0.000000,1,G6_SHALLOW_ATTACKS: edge_coverage=0.000 < 0.75,20.54,2026-04-22T07:15:32.380458+00:00
HumanEval/97,B,correct,0.000000,0.000000,0.000000,1,G5_PLATEAU: af_delta=0.0000 < 0.05,67.11,2026-04-22T07:16:39.489790+00:00
HumanEval/97,C,correct,0.385000,1.000000,0.000000,1,G6_SHALLOW_ATTACKS: edge_coverage=0.000 < 0.75,50.26,2026-04-22T07:17:29.746520+00:00
HumanEval/97,D,correct,0.385000,1.000000,0.000000,1,G6_SHALLOW_ATTACKS: edge_coverage=0.000 < 0.75,46.17,2026-04-22T07:18:15.917654+00:00
HumanEval/98,A,correct,0.385000,1.000000,0.000000,1,G6_SHALLOW_ATTACKS: edge_coverage=0.000 < 0.75,44.88,2026-04-22T07:19:00.803238+00:00
HumanEval/98,B,correct,0.000000,0.000000,0.000000,1,G5_PLATEAU: af_delta=0.0000 < 0.05,57.55,2026-04-22T07:19:58.352523+00:00
HumanEval/98,C,correct,0.000000,0.000000,0.000000,1,G5_PLATEAU: af_delta=0.0000 < 0.05,77.12,2026-04-22T07:21:15.469308+00:00
HumanEval/98,D,correct,0.000000,0.000000,0.000000,1,G5_PLATEAU: af_delta=0.0000 < 0.05,217.07,2026-04-22T07:24:52.543689+00:00
HumanEval/99,A,correct,0.385000,1.000000,0.000000,1,G6_SHALLOW_ATTACKS: edge_coverage=0.000 < 0.75,907.12,2026-04-22T07:39:59.664207+00:00
HumanEval/99,B,correct,0.000000,0.000000,0.000000,1,G5_PLATEAU: af_delta=0.0000 < 0.05,85.30,2026-04-22T07:41:24.967634+00:00
HumanEval/99,C,correct,0.000000,0.000000,0.000000,1,G5_PLATEAU: af_delta=0.0000 < 0.05,82.77,2026-04-22T07:42:47.736637+00:00
HumanEval/99,D,correct,0.000000,0.000000,0.000000,1,G5_PLATEAU: af_delta=0.0000 < 0.05,82.39,2026-04-22T07:44:10.127539+00:00
HumanEval/100,A,correct,0.000000,0.000000,0.000000,1,G5_PLATEAU: af_delta=0.0000 < 0.05,38.19,2026-04-22T07:44:48.316879+00:00
HumanEval/100,B,degraded,0.000000,0.000000,0.000000,1,"G1_SYNTAX_ERROR: unterminated triple-quoted string literal (detected at line 2) (<unknown>, line 2)",78.98,2026-04-22T07:46:07.298059+00:00
HumanEval/100,C,correct,0.000000,0.000000,0.000000,1,G5_PLATEAU: af_delta=0.0000 < 0.05,71.47,2026-04-22T07:47:18.765618+00:00
HumanEval/100,D,degraded,0.146667,0.000000,0.666667,1,"G1_SYNTAX_ERROR: '[' was never closed (<unknown>, line 3)",74.70,2026-04-22T07:48:33.470658+00:00
HumanEval/101,A,correct,0.000000,0.000000,0.000000,1,G5_PLATEAU: af_delta=0.0000 < 0.05,38.23,2026-04-22T07:49:11.698224+00:00
HumanEval/101,B,correct,0.000000,0.000000,0.000000,1,G5_PLATEAU: af_delta=0.0000 < 0.05,78.41,2026-04-22T07:50:30.110826+00:00
HumanEval/101,C,correct,0.000000,0.000000,0.000000,1,G5_PLATEAU: af_delta=0.0000 < 0.05,90.68,2026-04-22T07:52:00.787200+00:00
HumanEval/101,D,correct,0.000000,0.000000,0.000000,1,G5_PLATEAU: af_delta=0.0000 < 0.05,86.34,2026-04-22T07:53:27.129610+00:00
HumanEval/102,A,degraded,0.144375,0.375000,0.000000,1,G2_CANONICAL_REGRESSION: pass@k=0.375,1270.84,2026-04-22T08:14:37.968581+00:00
HumanEval/102,B,correct,0.000000,0.000000,0.000000,1,G5_PLATEAU: af_delta=0.0000 < 0.05,43.96,2026-04-22T08:15:21.926473+00:00
HumanEval/102,C,correct,0.000000,0.000000,0.000000,1,G5_PLATEAU: af_delta=0.0000 < 0.05,121.42,2026-04-22T08:17:23.346377+00:00
HumanEval/102,D,correct,0.000000,0.000000,0.000000,1,G5_PLATEAU: af_delta=0.0000 < 0.05,69.04,2026-04-22T08:18:32.391724+00:00
HumanEval/103,A,correct,0.000000,0.000000,0.000000,1,G5_PLATEAU: af_delta=0.0000 < 0.05,5.13,2026-04-22T08:18:37.522156+00:00
HumanEval/103,B,correct,0.385000,1.000000,0.000000,1,G6_SHALLOW_ATTACKS: edge_coverage=0.000 < 0.75,43.11,2026-04-22T08:19:20.631847+00:00
HumanEval/103,C,degraded,0.000000,0.000000,0.000000,1,G2_CANONICAL_REGRESSION: pass@k=0.000,1241.41,2026-04-22T08:40:02.038197+00:00
HumanEval/103,D,correct,-0.060371,0.000000,0.000000,2,G5_PLATEAU: af_delta=-0.6037 < 0.05,272.82,2026-04-22T08:44:34.869738+00:00
HumanEval/104,A,correct,0.385000,1.000000,0.000000,1,G6_SHALLOW_ATTACKS: edge_coverage=0.000 < 0.75,230.15,2026-04-22T08:48:25.017403+00:00
HumanEval/104,B,correct,0.000000,0.000000,0.000000,1,G5_PLATEAU: af_delta=0.0000 < 0.05,64.15,2026-04-22T08:49:29.169194+00:00
HumanEval/104,C,correct,0.000000,0.000000,0.000000,1,G5_PLATEAU: af_delta=0.0000 < 0.05,83.21,2026-04-22T08:50:52.380796+00:00
HumanEval/104,D,correct,0.000000,0.000000,0.000000,1,G5_PLATEAU: af_delta=0.0000 < 0.05,95.27,2026-04-22T08:52:27.655489+00:00
HumanEval/105,A,correct,0.385000,1.000000,0.000000,1,G6_SHALLOW_ATTACKS: edge_coverage=0.000 < 0.75,7.76,2026-04-22T08:52:35.418706+00:00
HumanEval/105,B,degraded,0.000000,0.000000,0.000000,1,G2_CANONICAL_REGRESSION: pass@k=0.000,214.16,2026-04-22T08:56:09.576049+00:00
HumanEval/105,C,correct,0.000000,0.000000,0.000000,1,G5_PLATEAU: af_delta=0.0000 < 0.05,71.30,2026-04-22T08:57:20.879353+00:00
HumanEval/105,D,correct,0.000000,0.000000,0.000000,1,G5_PLATEAU: af_delta=0.0000 < 0.05,68.97,2026-04-22T08:58:29.848062+00:00
HumanEval/106,A,correct,0.000000,0.000000,0.000000,1,G5_PLATEAU: af_delta=0.0000 < 0.05,6.31,2026-04-22T08:58:36.156835+00:00
HumanEval/106,B,correct,0.000000,0.000000,0.000000,1,G5_PLATEAU: af_delta=0.0000 < 0.05,70.41,2026-04-22T08:59:46.570879+00:00
HumanEval/106,C,correct,0.000000,0.000000,0.000000,1,G5_PLATEAU: af_delta=0.0000 < 0.05,83.69,2026-04-22T09:01:10.258306+00:00
HumanEval/106,D,correct,0.000000,0.000000,0.000000,1,G5_PLATEAU: af_delta=0.0000 < 0.05,74.44,2026-04-22T09:02:24.695159+00:00
HumanEval/107,A,degraded,0.000000,0.000000,0.000000,1,"G1_SYNTAX_ERROR: 'conditional expression' is an illegal expression for augmented assignment (<unknown>, line 12)",35.73,2026-04-22T09:03:00.425440+00:00
HumanEval/107,B,degraded,0.000000,0.000000,0.000000,1,"G1_SYNTAX_ERROR: 'conditional expression' is an illegal expression for augmented assignment (<unknown>, line 9)",69.97,2026-04-22T09:04:10.391810+00:00
HumanEval/107,C,correct,0.000000,0.000000,0.000000,1,G5_PLATEAU: af_delta=0.0000 < 0.05,69.62,2026-04-22T09:05:20.013773+00:00
HumanEval/107,D,correct,0.000000,0.000000,0.000000,1,G5_PLATEAU: af_delta=0.0000 < 0.05,72.48,2026-04-22T09:06:32.490883+00:00
HumanEval/108,A,correct,0.000000,0.000000,0.000000,1,G5_PLATEAU: af_delta=0.0000 < 0.05,22.20,2026-04-22T10:27:07.699733+00:00
HumanEval/108,B,correct,0.000000,0.000000,0.000000,1,G5_PLATEAU: af_delta=0.0000 < 0.05,67.49,2026-04-22T10:28:15.190325+00:00
HumanEval/108,C,correct,0.000000,0.000000,0.000000,1,G5_PLATEAU: af_delta=0.0000 < 0.05,85.61,2026-04-22T10:29:40.805827+00:00
HumanEval/108,D,correct,0.000000,0.000000,0.000000,1,G5_PLATEAU: af_delta=0.0000 < 0.05,76.66,2026-04-22T10:30:57.468598+00:00
HumanEval/109,A,correct,0.000000,0.000000,0.000000,1,G5_PLATEAU: af_delta=0.0000 < 0.05,44.02,2026-04-22T10:31:41.491022+00:00
HumanEval/109,B,correct,0.000000,0.000000,0.000000,1,G5_PLATEAU: af_delta=0.0000 < 0.05,56.16,2026-04-22T10:32:37.651068+00:00
HumanEval/109,C,correct,0.000000,0.000000,0.000000,1,G5_PLATEAU: af_delta=0.0000 < 0.05,78.66,2026-04-22T10:33:56.314316+00:00
HumanEval/109,D,correct,0.000000,0.000000,0.000000,1,G5_PLATEAU: af_delta=0.0000 < 0.05,103.04,2026-04-22T10:35:39.352658+00:00
HumanEval/110,A,correct,0.000000,0.000000,0.000000,1,G5_PLATEAU: af_delta=0.0000 < 0.05,25.33,2026-04-22T10:36:04.680622+00:00
HumanEval/110,B,correct,0.000000,0.000000,0.000000,1,G5_PLATEAU: af_delta=0.0000 < 0.05,87.23,2026-04-22T10:37:31.915754+00:00
HumanEval/110,C,correct,0.000000,0.000000,0.000000,1,G5_PLATEAU: af_delta=0.0000 < 0.05,76.05,2026-04-22T10:38:47.971616+00:00
HumanEval/110,D,correct,0.000000,0.000000,0.000000,1,G5_PLATEAU: af_delta=0.0000 < 0.05,108.89,2026-04-22T10:40:36.858543+00:00
HumanEval/111,A,correct,0.000000,0.000000,0.000000,1,G5_PLATEAU: af_delta=0.0000 < 0.05,24.22,2026-04-22T10:41:01.077485+00:00
HumanEval/111,B,degraded,0.060000,0.000000,0.272727,1,G2_CANONICAL_REGRESSION: pass@k=0.000,119.10,2026-04-22T10:43:00.178373+00:00
HumanEval/111,C,correct,0.000000,0.000000,0.000000,1,G5_PLATEAU: af_delta=0.0000 < 0.05,99.77,2026-04-22T10:44:39.949909+00:00
HumanEval/111,D,correct,0.000000,0.000000,0.000000,1,G5_PLATEAU: af_delta=0.0000 < 0.05,70.26,2026-04-22T10:45:50.208199+00:00
HumanEval/112,A,correct,0.000000,0.000000,0.000000,1,G5_PLATEAU: af_delta=0.0000 < 0.05,60.94,2026-04-22T10:46:51.150731+00:00
HumanEval/112,B,correct,0.000000,0.000000,0.000000,1,G5_PLATEAU: af_delta=0.0000 < 0.05,89.58,2026-04-22T10:48:20.730364+00:00
HumanEval/112,C,correct,0.000000,0.000000,0.000000,1,G5_PLATEAU: af_delta=0.0000 < 0.05,95.94,2026-04-22T10:49:56.668265+00:00
HumanEval/112,D,correct,0.000000,0.000000,0.000000,1,G5_PLATEAU: af_delta=0.0000 < 0.05,99.99,2026-04-22T10:51:36.657200+00:00
HumanEval/113,A,correct,0.000000,0.000000,0.000000,1,G5_PLATEAU: af_delta=0.0000 < 0.05,63.93,2026-04-22T10:52:40.586735+00:00
HumanEval/113,B,correct,0.000000,0.000000,0.000000,1,G5_PLATEAU: af_delta=0.0000 < 0.05,98.06,2026-04-22T10:54:18.644556+00:00
HumanEval/113,C,correct,0.000000,0.000000,0.000000,1,G5_PLATEAU: af_delta=0.0000 < 0.05,107.68,2026-04-22T10:56:06.329824+00:00
HumanEval/113,D,correct,0.000000,0.000000,0.000000,1,G5_PLATEAU: af_delta=0.0000 < 0.05,117.80,2026-04-22T10:58:04.131456+00:00
HumanEval/114,A,correct,0.000000,0.000000,0.000000,1,G5_PLATEAU: af_delta=0.0000 < 0.05,27.71,2026-04-22T10:58:31.846586+00:00
HumanEval/114,B,correct,0.000000,0.000000,0.000000,1,G5_PLATEAU: af_delta=0.0000 < 0.05,83.45,2026-04-22T10:59:55.297095+00:00
HumanEval/114,C,correct,0.000000,0.000000,0.000000,1,G5_PLATEAU: af_delta=0.0000 < 0.05,129.60,2026-04-22T11:02:04.903467+00:00
HumanEval/114,D,correct,0.000000,0.000000,0.000000,1,G5_PLATEAU: af_delta=0.0000 < 0.05,103.53,2026-04-22T11:03:48.439443+00:00
HumanEval/115,A,correct,0.000000,0.000000,0.000000,1,G5_PLATEAU: af_delta=0.0000 < 0.05,32.63,2026-04-22T11:04:21.070010+00:00
HumanEval/115,B,correct,0.000000,0.000000,0.000000,1,G5_PLATEAU: af_delta=0.0000 < 0.05,83.18,2026-04-22T11:05:44.246809+00:00
HumanEval/115,C,degraded,0.000000,0.000000,0.000000,1,G2_CANONICAL_REGRESSION: pass@k=0.000,62.32,2026-04-22T12:43:42.381548+00:00
HumanEval/115,D,degraded,0.000000,0.000000,0.000000,1,G2_CANONICAL_REGRESSION: pass@k=0.000,36.83,2026-04-22T12:44:19.216426+00:00
HumanEval/116,A,correct,0.000000,0.000000,0.000000,1,G5_PLATEAU: af_delta=0.0000 < 0.05,67.49,2026-04-22T12:45:26.710486+00:00
HumanEval/116,B,degraded,0.000000,0.000000,0.000000,1,G2_CANONICAL_REGRESSION: pass@k=0.000,1158.74,2026-04-22T13:04:45.450100+00:00
HumanEval/116,C,correct,0.000000,0.000000,0.000000,1,G5_PLATEAU: af_delta=0.0000 < 0.05,112.90,2026-04-22T13:06:38.354545+00:00
HumanEval/116,D,correct,0.000000,0.000000,0.000000,1,G5_PLATEAU: af_delta=0.0000 < 0.05,125.93,2026-04-22T13:08:44.287974+00:00
HumanEval/117,A,correct,0.000000,0.000000,0.000000,1,G5_PLATEAU: af_delta=0.0000 < 0.05,35.71,2026-04-22T13:09:20.003190+00:00
HumanEval/117,B,degraded,0.000000,0.000000,0.000000,1,G2_CANONICAL_REGRESSION: pass@k=0.000,122.88,2026-04-22T13:11:22.885081+00:00
HumanEval/117,C,correct,0.000000,0.000000,0.000000,1,G5_PLATEAU: af_delta=0.0000 < 0.05,72.73,2026-04-22T13:12:35.612551+00:00
HumanEval/117,D,correct,0.000000,0.000000,0.000000,1,G5_PLATEAU: af_delta=0.0000 < 0.05,60.31,2026-04-22T13:13:35.923919+00:00
HumanEval/118,A,degraded,0.000000,0.000000,0.000000,1,G2_CANONICAL_REGRESSION: pass@k=0.000,341.30,2026-04-22T13:19:17.227514+00:00
HumanEval/118,B,degraded,0.061111,0.000000,0.277778,1,G2_CANONICAL_REGRESSION: pass@k=0.000,554.50,2026-04-22T13:28:31.733318+00:00
HumanEval/118,C,correct,0.000000,0.000000,0.000000,1,G5_PLATEAU: af_delta=0.0000 < 0.05,113.19,2026-04-22T13:30:24.927956+00:00
HumanEval/118,D,correct,0.000000,0.000000,0.000000,1,G5_PLATEAU: af_delta=0.0000 < 0.05,143.63,2026-04-22T13:32:48.557577+00:00
HumanEval/119,A,correct,0.000000,0.000000,0.000000,1,G5_PLATEAU: af_delta=0.0000 < 0.05,65.41,2026-04-22T13:33:53.971943+00:00
HumanEval/119,B,correct,0.000000,0.000000,0.000000,1,G5_PLATEAU: af_delta=0.0000 < 0.05,62.69,2026-04-22T13:34:56.668010+00:00
HumanEval/119,C,correct,0.000000,0.000000,0.000000,1,G5_PLATEAU: af_delta=0.0000 < 0.05,118.98,2026-04-22T13:36:55.648605+00:00
HumanEval/119,D,correct,0.000000,0.000000,0.000000,1,G5_PLATEAU: af_delta=0.0000 < 0.05,132.92,2026-04-22T13:39:08.572302+00:00
HumanEval/120,A,correct,0.000000,0.000000,0.000000,1,G5_PLATEAU: af_delta=0.0000 < 0.05,56.29,2026-04-22T13:40:04.860862+00:00
HumanEval/120,B,correct,0.000000,0.000000,0.000000,1,G5_PLATEAU: af_delta=0.0000 < 0.05,146.57,2026-04-22T13:42:31.431017+00:00
HumanEval/120,C,correct,0.000000,0.000000,0.000000,1,G5_PLATEAU: af_delta=0.0000 < 0.05,154.21,2026-04-22T13:45:05.642719+00:00
HumanEval/120,D,correct,0.000000,0.000000,0.000000,1,G5_PLATEAU: af_delta=0.0000 < 0.05,151.89,2026-04-22T13:47:37.531669+00:00
HumanEval/121,A,correct,0.000000,0.000000,0.000000,1,G5_PLATEAU: af_delta=0.0000 < 0.05,66.66,2026-04-22T13:48:44.195307+00:00
HumanEval/121,B,correct,0.000000,0.000000,0.000000,1,G5_PLATEAU: af_delta=0.0000 < 0.05,119.98,2026-04-22T13:50:44.180066+00:00
HumanEval/121,C,correct,0.000000,0.000000,0.000000,1,G5_PLATEAU: af_delta=0.0000 < 0.05,131.86,2026-04-22T13:52:56.038016+00:00
HumanEval/121,D,correct,0.000000,0.000000,0.000000,1,G5_PLATEAU: af_delta=0.0000 < 0.05,85.86,2026-04-22T13:54:21.901914+00:00
HumanEval/122,A,correct,0.000000,0.000000,0.000000,1,G5_PLATEAU: af_delta=0.0000 < 0.05,75.61,2026-04-22T13:55:37.510312+00:00
HumanEval/122,B,correct,0.000000,0.000000,0.000000,1,G5_PLATEAU: af_delta=0.0000 < 0.05,85.15,2026-04-22T13:57:02.666517+00:00
HumanEval/122,C,correct,0.000000,0.000000,0.000000,1,G5_PLATEAU: af_delta=0.0000 < 0.05,207.97,2026-04-22T14:00:30.633597+00:00
HumanEval/122,D,correct,0.000000,0.000000,0.000000,1,G5_PLATEAU: af_delta=0.0000 < 0.05,157.29,2026-04-22T14:03:07.921477+00:00
HumanEval/123,A,correct,0.000000,0.000000,0.000000,1,G5_PLATEAU: af_delta=0.0000 < 0.05,115.41,2026-04-22T14:05:03.329014+00:00
HumanEval/123,B,correct,0.000000,0.000000,0.000000,1,G5_PLATEAU: af_delta=0.0000 < 0.05,173.68,2026-04-22T14:07:57.006407+00:00
HumanEval/123,C,correct,0.000000,0.000000,0.000000,1,G5_PLATEAU: af_delta=0.0000 < 0.05,123.19,2026-04-22T14:10:00.196114+00:00
HumanEval/123,D,degraded,0.152308,0.000000,0.692308,1,G2_CANONICAL_REGRESSION: pass@k=0.000,291.43,2026-04-22T14:14:51.626158+00:00
HumanEval/124,A,correct,0.000000,0.000000,0.000000,1,G5_PLATEAU: af_delta=0.0000 < 0.05,79.87,2026-04-22T14:16:11.500020+00:00
HumanEval/124,B,correct,0.000000,0.000000,0.000000,1,G5_PLATEAU: af_delta=0.0000 < 0.05,281.60,2026-04-22T14:20:53.101252+00:00
HumanEval/124,C,correct,0.000000,0.000000,0.000000,1,G5_PLATEAU: af_delta=0.0000 < 0.05,203.88,2026-04-22T14:24:16.983928+00:00
HumanEval/124,D,correct,0.000000,0.000000,0.000000,1,G5_PLATEAU: af_delta=0.0000 < 0.05,136.63,2026-04-22T14:26:33.614550+00:00
HumanEval/125,A,correct,0.000000,0.000000,0.000000,1,G5_PLATEAU: af_delta=0.0000 < 0.05,89.06,2026-04-22T14:28:02.675561+00:00
HumanEval/125,B,correct,0.000000,0.000000,0.000000,1,G5_PLATEAU: af_delta=0.0000 < 0.05,476.54,2026-04-22T14:35:59.219431+00:00
HumanEval/125,C,correct,0.000000,0.000000,0.000000,1,G5_PLATEAU: af_delta=0.0000 < 0.05,216.74,2026-04-22T14:39:35.965211+00:00
HumanEval/125,D,correct,0.000000,0.000000,0.000000,1,G5_PLATEAU: af_delta=0.0000 < 0.05,290.38,2026-04-22T14:44:26.345013+00:00
HumanEval/126,A,correct,0.000000,0.000000,0.000000,1,G5_PLATEAU: af_delta=0.0000 < 0.05,38.85,2026-04-22T14:45:05.198946+00:00
HumanEval/126,B,correct,0.000000,0.000000,0.000000,1,G5_PLATEAU: af_delta=0.0000 < 0.05,81.36,2026-04-22T14:46:26.562079+00:00
HumanEval/126,C,degraded,0.090000,0.000000,0.409091,1,G2_CANONICAL_REGRESSION: pass@k=0.000,420.15,2026-04-22T14:53:26.718485+00:00
HumanEval/126,D,correct,0.000000,0.000000,0.000000,1,G5_PLATEAU: af_delta=0.0000 < 0.05,88.55,2026-04-22T14:54:55.267560+00:00
HumanEval/127,A,correct,0.000000,0.000000,0.000000,1,G5_PLATEAU: af_delta=0.0000 < 0.05,41.44,2026-04-22T14:55:36.707026+00:00
HumanEval/127,B,correct,0.000000,0.000000,0.000000,1,G5_PLATEAU: af_delta=0.0000 < 0.05,81.19,2026-04-22T14:56:57.899561+00:00
HumanEval/127,C,correct,0.000000,0.000000,0.000000,1,G5_PLATEAU: af_delta=0.0000 < 0.05,44.69,2026-04-22T14:57:42.588973+00:00
HumanEval/127,D,correct,0.000000,0.000000,0.000000,1,G5_PLATEAU: af_delta=0.0000 < 0.05,134.14,2026-04-22T14:59:56.726995+00:00
HumanEval/128,A,correct,0.000000,0.000000,0.000000,1,G5_PLATEAU: af_delta=0.0000 < 0.05,54.11,2026-04-22T15:00:50.842400+00:00
HumanEval/128,B,correct,0.000000,0.000000,0.000000,1,G5_PLATEAU: af_delta=0.0000 < 0.05,57.44,2026-04-22T15:01:48.279790+00:00
HumanEval/128,C,degraded,0.122222,0.000000,0.555556,1,G2_CANONICAL_REGRESSION: pass@k=0.000,166.32,2026-04-22T15:04:34.599289+00:00
HumanEval/128,D,correct,0.000000,0.000000,0.000000,1,G5_PLATEAU: af_delta=0.0000 < 0.05,262.84,2026-04-22T15:08:57.439492+00:00
HumanEval/129,A,correct,0.000000,0.000000,0.000000,1,G5_PLATEAU: af_delta=0.0000 < 0.05,4.82,2026-04-22T15:09:02.258215+00:00
HumanEval/129,B,correct,0.000000,0.000000,0.000000,1,G5_PLATEAU: af_delta=0.0000 < 0.05,198.23,2026-04-22T15:12:20.494052+00:00
HumanEval/129,C,correct,0.000000,0.000000,0.000000,1,G5_PLATEAU: af_delta=0.0000 < 0.05,105.14,2026-04-22T15:14:05.633079+00:00
HumanEval/129,D,correct,0.000000,0.000000,0.000000,1,G5_PLATEAU: af_delta=0.0000 < 0.05,261.36,2026-04-22T15:18:26.996519+00:00
HumanEval/130,A,correct,0.000000,0.000000,0.000000,1,G5_PLATEAU: af_delta=0.0000 < 0.05,66.99,2026-04-22T15:19:33.992770+00:00
HumanEval/130,B,correct,0.000000,0.000000,0.000000,1,G5_PLATEAU: af_delta=0.0000 < 0.05,108.21,2026-04-22T15:21:22.200646+00:00
HumanEval/130,C,correct,0.000000,0.000000,0.000000,1,G5_PLATEAU: af_delta=0.0000 < 0.05,223.21,2026-04-22T15:25:05.408024+00:00
HumanEval/130,D,correct,0.000000,0.000000,0.000000,1,G5_PLATEAU: af_delta=0.0000 < 0.05,157.32,2026-04-22T15:27:42.725585+00:00
HumanEval/131,A,correct,0.000000,0.000000,0.000000,1,G5_PLATEAU: af_delta=0.0000 < 0.05,98.34,2026-04-22T15:29:21.071161+00:00
HumanEval/131,B,correct,0.000000,0.000000,0.000000,1,G5_PLATEAU: af_delta=0.0000 < 0.05,110.55,2026-04-22T15:31:11.625549+00:00
HumanEval/131,C,degraded,0.000000,0.000000,0.000000,1,G2_CANONICAL_REGRESSION: pass@k=0.000,408.71,2026-04-22T15:38:00.340380+00:00
HumanEval/131,D,degraded,0.000000,0.000000,0.000000,1,G2_CANONICAL_REGRESSION: pass@k=0.000,178.55,2026-04-22T15:40:58.897211+00:00
HumanEval/132,A,correct,0.000000,0.000000,0.000000,1,G5_PLATEAU: af_delta=0.0000 < 0.05,34.35,2026-04-22T15:41:33.250418+00:00
HumanEval/132,B,correct,0.000000,0.000000,0.000000,1,G5_PLATEAU: af_delta=0.0000 < 0.05,186.73,2026-04-22T15:44:39.978612+00:00
HumanEval/132,C,correct,0.000000,0.000000,0.000000,1,G5_PLATEAU: af_delta=0.0000 < 0.05,255.29,2026-04-22T15:48:55.269323+00:00
HumanEval/132,D,correct,0.000000,0.000000,0.000000,1,G5_PLATEAU: af_delta=0.0000 < 0.05,135.17,2026-04-22T15:51:10.443459+00:00
HumanEval/133,A,correct,0.000000,0.000000,0.000000,1,G5_PLATEAU: af_delta=0.0000 < 0.05,39.11,2026-04-22T15:51:49.555052+00:00
HumanEval/133,B,correct,0.000000,0.000000,0.000000,1,G5_PLATEAU: af_delta=0.0000 < 0.05,50.72,2026-04-22T15:52:40.276024+00:00
HumanEval/133,C,correct,0.000000,0.000000,0.000000,1,G5_PLATEAU: af_delta=0.0000 < 0.05,63.56,2026-04-22T15:53:43.833589+00:00
HumanEval/133,D,correct,0.000000,0.000000,0.000000,1,G5_PLATEAU: af_delta=0.0000 < 0.05,50.07,2026-04-22T15:54:33.910050+00:00
HumanEval/134,A,degraded,0.000000,0.000000,0.000000,1,G2_CANONICAL_REGRESSION: pass@k=0.000,177.87,2026-04-22T15:57:31.780783+00:00
HumanEval/134,B,correct,0.000000,0.000000,0.000000,1,G5_PLATEAU: af_delta=0.0000 < 0.05,119.00,2026-04-22T15:59:30.778697+00:00
HumanEval/134,C,correct,0.000000,0.000000,0.000000,1,G5_PLATEAU: af_delta=0.0000 < 0.05,113.04,2026-04-22T16:01:23.822888+00:00
HumanEval/134,D,correct,0.000000,0.000000,0.000000,1,G5_PLATEAU: af_delta=0.0000 < 0.05,222.82,2026-04-22T16:05:06.649572+00:00
HumanEval/135,A,degraded,0.000000,0.000000,0.000000,1,G2_CANONICAL_REGRESSION: pass@k=0.000,92.68,2026-04-22T16:06:39.331104+00:00
HumanEval/135,B,correct,0.000000,0.000000,0.000000,1,G5_PLATEAU: af_delta=0.0000 < 0.05,89.90,2026-04-22T16:08:09.232278+00:00
HumanEval/135,C,degraded,0.000000,0.000000,0.000000,1,G2_CANONICAL_REGRESSION: pass@k=0.000,126.06,2026-04-22T16:10:15.297236+00:00
HumanEval/135,D,degraded,0.000000,0.000000,0.000000,1,G2_CANONICAL_REGRESSION: pass@k=0.000,125.33,2026-04-22T16:12:20.632809+00:00
HumanEval/136,A,degraded,0.000000,0.000000,0.000000,1,G2_CANONICAL_REGRESSION: pass@k=0.000,149.65,2026-04-22T16:14:50.288333+00:00
HumanEval/136,B,correct,0.000000,0.000000,0.000000,1,G5_PLATEAU: af_delta=0.0000 < 0.05,78.69,2026-04-22T16:16:08.982686+00:00
HumanEval/136,C,correct,0.000000,0.000000,0.000000,1,G5_PLATEAU: af_delta=0.0000 < 0.05,62.85,2026-04-22T16:17:11.838752+00:00
HumanEval/136,D,correct,0.000000,0.000000,0.000000,1,G5_PLATEAU: af_delta=0.0000 < 0.05,218.85,2026-04-22T16:20:50.685730+00:00
HumanEval/137,A,correct,0.000000,0.000000,0.000000,1,G5_PLATEAU: af_delta=0.0000 < 0.05,43.33,2026-04-22T16:21:34.022287+00:00
HumanEval/137,B,degraded,0.000000,0.000000,0.000000,1,G2_CANONICAL_REGRESSION: pass@k=0.000,225.03,2026-04-22T16:25:19.057361+00:00
HumanEval/137,C,correct,0.000000,0.000000,0.000000,1,G5_PLATEAU: af_delta=0.0000 < 0.05,55.95,2026-04-22T16:26:15.003255+00:00
HumanEval/137,D,correct,0.000000,0.000000,0.000000,1,G5_PLATEAU: af_delta=0.0000 < 0.05,191.71,2026-04-22T16:29:26.715478+00:00
HumanEval/138,A,degraded,0.000000,0.000000,0.000000,1,G2_CANONICAL_REGRESSION: pass@k=0.000,116.60,2026-04-22T16:31:23.315589+00:00
HumanEval/138,B,degraded,0.000000,0.000000,0.000000,1,G2_CANONICAL_REGRESSION: pass@k=0.000,129.24,2026-04-22T16:33:32.556360+00:00
HumanEval/138,C,correct,0.000000,0.000000,0.000000,1,G5_PLATEAU: af_delta=0.0000 < 0.05,76.59,2026-04-22T16:34:49.147286+00:00
HumanEval/138,D,correct,0.000000,0.000000,0.000000,1,G5_PLATEAU: af_delta=0.0000 < 0.05,60.83,2026-04-22T16:35:49.983753+00:00
HumanEval/139,A,correct,0.000000,0.000000,0.000000,1,G5_PLATEAU: af_delta=0.0000 < 0.05,53.02,2026-04-22T16:36:43.000620+00:00
HumanEval/139,B,degraded,0.000000,0.000000,0.000000,1,G2_CANONICAL_REGRESSION: pass@k=0.000,47.77,2026-04-22T16:37:30.766251+00:00
HumanEval/139,C,correct,0.000000,0.000000,0.000000,1,G5_PLATEAU: af_delta=0.0000 < 0.05,46.21,2026-04-22T16:38:16.978856+00:00
HumanEval/139,D,correct,0.000000,0.000000,0.000000,1,G5_PLATEAU: af_delta=0.0000 < 0.05,59.77,2026-04-22T16:39:16.750809+00:00
HumanEval/140,A,correct,0.000000,0.000000,0.000000,1,G5_PLATEAU: af_delta=0.0000 < 0.05,33.23,2026-04-22T16:39:49.985567+00:00
HumanEval/140,B,correct,0.000000,0.000000,0.000000,1,G5_PLATEAU: af_delta=0.0000 < 0.05,110.66,2026-04-22T16:41:40.647097+00:00
HumanEval/140,C,correct,0.000000,0.000000,0.000000,1,G5_PLATEAU: af_delta=0.0000 < 0.05,136.09,2026-04-22T16:43:56.740359+00:00
HumanEval/140,D,degraded,0.146667,0.000000,0.666667,1,G2_CANONICAL_REGRESSION: pass@k=0.000,242.33,2026-04-22T16:47:59.066826+00:00
HumanEval/141,A,correct,0.000000,0.000000,0.000000,1,G5_PLATEAU: af_delta=0.0000 < 0.05,46.57,2026-04-22T16:48:45.634412+00:00
HumanEval/141,B,correct,0.000000,0.000000,0.000000,1,G5_PLATEAU: af_delta=0.0000 < 0.05,151.41,2026-04-22T16:51:17.048015+00:00
HumanEval/141,C,correct,0.000000,0.000000,0.000000,1,G5_PLATEAU: af_delta=0.0000 < 0.05,169.62,2026-04-22T16:54:06.665677+00:00
HumanEval/141,D,correct,0.000000,0.000000,0.000000,1,G5_PLATEAU: af_delta=0.0000 < 0.05,152.74,2026-04-22T19:25:54.663845+00:00
HumanEval/142,A,degraded,0.000000,0.000000,0.000000,1,G2_CANONICAL_REGRESSION: pass@k=0.000,264.16,2026-04-22T19:30:18.825166+00:00
HumanEval/142,B,correct,0.000000,0.000000,0.000000,1,G5_PLATEAU: af_delta=0.0000 < 0.05,47.82,2026-04-22T19:31:06.648228+00:00
HumanEval/142,C,correct,0.000000,0.000000,0.000000,1,G5_PLATEAU: af_delta=0.0000 < 0.05,144.59,2026-04-22T19:33:31.239266+00:00
HumanEval/142,D,correct,0.000000,0.000000,0.000000,1,G5_PLATEAU: af_delta=0.0000 < 0.05,106.43,2026-04-22T19:35:17.671799+00:00
HumanEval/143,A,correct,0.000000,0.000000,0.000000,1,G5_PLATEAU: af_delta=0.0000 < 0.05,21.55,2026-04-22T19:35:39.226748+00:00
HumanEval/143,B,correct,0.000000,0.000000,0.000000,1,G5_PLATEAU: af_delta=0.0000 < 0.05,68.31,2026-04-22T19:36:47.541174+00:00
HumanEval/143,C,degraded,0.000000,0.000000,0.000000,1,G2_CANONICAL_REGRESSION: pass@k=0.000,84.14,2026-04-22T19:38:11.684533+00:00
HumanEval/143,D,degraded,0.000000,0.000000,0.000000,1,G2_CANONICAL_REGRESSION: pass@k=0.000,101.33,2026-04-22T19:39:53.019267+00:00
HumanEval/144,A,correct,0.000000,0.000000,0.000000,1,G5_PLATEAU: af_delta=0.0000 < 0.05,5.70,2026-04-22T19:39:58.719735+00:00
HumanEval/144,B,correct,0.000000,0.000000,0.000000,1,G5_PLATEAU: af_delta=0.0000 < 0.05,93.39,2026-04-22T19:41:32.111734+00:00
HumanEval/144,C,correct,0.000000,0.000000,0.000000,1,G5_PLATEAU: af_delta=0.0000 < 0.05,117.76,2026-04-22T19:43:29.871889+00:00
HumanEval/144,D,correct,0.000000,0.000000,0.000000,1,G5_PLATEAU: af_delta=0.0000 < 0.05,79.02,2026-04-22T19:44:48.898137+00:00
HumanEval/145,A,degraded,0.000000,0.000000,0.000000,1,G2_CANONICAL_REGRESSION: pass@k=0.000,661.95,2026-04-22T19:55:50.850241+00:00
HumanEval/145,B,correct,0.000000,0.000000,0.000000,1,G5_PLATEAU: af_delta=0.0000 < 0.05,100.89,2026-04-22T19:57:31.741624+00:00
HumanEval/145,C,correct,0.000000,0.000000,0.000000,1,G5_PLATEAU: af_delta=0.0000 < 0.05,103.92,2026-04-22T19:59:15.658579+00:00
HumanEval/145,D,correct,0.000000,0.000000,0.000000,1,G5_PLATEAU: af_delta=0.0000 < 0.05,104.11,2026-04-22T20:00:59.773612+00:00
HumanEval/146,A,correct,0.000000,0.000000,0.000000,1,G5_PLATEAU: af_delta=0.0000 < 0.05,58.99,2026-04-22T20:01:58.770110+00:00
HumanEval/146,B,correct,0.000000,0.000000,0.000000,1,G5_PLATEAU: af_delta=0.0000 < 0.05,337.72,2026-04-22T20:07:36.489606+00:00
HumanEval/146,C,correct,0.000000,0.000000,0.000000,1,G5_PLATEAU: af_delta=0.0000 < 0.05,69.74,2026-04-22T20:08:46.230321+00:00
HumanEval/146,D,correct,0.000000,0.000000,0.000000,1,G5_PLATEAU: af_delta=0.0000 < 0.05,139.98,2026-04-22T20:11:06.209998+00:00
HumanEval/147,A,correct,0.000000,0.000000,0.000000,1,G5_PLATEAU: af_delta=0.0000 < 0.05,33.76,2026-04-22T20:11:39.968959+00:00
HumanEval/147,B,correct,0.000000,0.000000,0.000000,1,G5_PLATEAU: af_delta=0.0000 < 0.05,86.35,2026-04-22T20:13:06.322772+00:00
HumanEval/147,C,correct,0.000000,0.000000,0.000000,1,G5_PLATEAU: af_delta=0.0000 < 0.05,102.71,2026-04-22T20:14:49.033624+00:00
HumanEval/147,D,correct,0.000000,0.000000,0.000000,1,G5_PLATEAU: af_delta=0.0000 < 0.05,113.06,2026-04-22T20:16:42.093248+00:00
HumanEval/148,A,degraded,0.000000,0.000000,0.000000,1,"G1_SYNTAX_ERROR: '(' was never closed (<unknown>, line 1)",35.21,2026-04-22T20:17:17.308819+00:00
HumanEval/148,B,correct,0.000000,0.000000,0.000000,1,G5_PLATEAU: af_delta=0.0000 < 0.05,143.57,2026-04-22T20:19:40.876344+00:00
HumanEval/148,C,degraded,0.000000,0.000000,0.000000,1,G2_CANONICAL_REGRESSION: pass@k=0.000,69.34,2026-04-22T20:20:50.219315+00:00
HumanEval/148,D,degraded,0.000000,0.000000,0.000000,1,G2_CANONICAL_REGRESSION: pass@k=0.000,100.64,2026-04-22T20:22:30.858485+00:00
HumanEval/149,A,degraded,0.000000,0.000000,0.000000,1,G2_CANONICAL_REGRESSION: pass@k=0.000,75.25,2026-04-22T20:23:46.110059+00:00
HumanEval/149,B,correct,0.000000,0.000000,0.000000,1,G5_PLATEAU: af_delta=0.0000 < 0.05,86.03,2026-04-22T20:25:12.143054+00:00
HumanEval/149,C,correct,0.000000,0.000000,0.000000,1,G5_PLATEAU: af_delta=0.0000 < 0.05,91.44,2026-04-22T20:26:43.589524+00:00
HumanEval/149,D,correct,0.000000,0.000000,0.000000,1,G5_PLATEAU: af_delta=0.0000 < 0.05,57.02,2026-04-22T20:27:40.614342+00:00
HumanEval/150,A,correct,0.000000,0.000000,0.000000,1,G5_PLATEAU: af_delta=0.0000 < 0.05,331.25,2026-04-22T20:33:11.862267+00:00
HumanEval/150,B,correct,0.000000,0.000000,0.000000,1,G5_PLATEAU: af_delta=0.0000 < 0.05,53.62,2026-04-22T20:34:05.487699+00:00
HumanEval/150,C,correct,0.000000,0.000000,0.000000,1,G5_PLATEAU: af_delta=0.0000 < 0.05,478.00,2026-04-22T20:42:03.494817+00:00
HumanEval/150,D,correct,0.000000,0.000000,0.000000,1,G5_PLATEAU: af_delta=0.0000 < 0.05,430.13,2026-04-22T20:49:13.631900+00:00
HumanEval/151,A,correct,0.000000,0.000000,0.000000,1,G5_PLATEAU: af_delta=0.0000 < 0.05,27.86,2026-04-22T20:49:41.498200+00:00
HumanEval/151,B,correct,0.000000,0.000000,0.000000,1,G5_PLATEAU: af_delta=0.0000 < 0.05,240.89,2026-04-22T20:53:42.393737+00:00
HumanEval/151,C,correct,0.000000,0.000000,0.000000,1,G5_PLATEAU: af_delta=0.0000 < 0.05,96.20,2026-04-22T20:55:18.592979+00:00
HumanEval/151,D,correct,0.000000,0.000000,0.000000,1,G5_PLATEAU: af_delta=0.0000 < 0.05,158.12,2026-04-22T20:57:56.718649+00:00
HumanEval/152,A,degraded,0.000000,0.000000,0.000000,1,G2_CANONICAL_REGRESSION: pass@k=0.000,145.06,2026-04-22T21:00:21.783875+00:00
HumanEval/152,B,correct,0.000000,0.000000,0.000000,1,G5_PLATEAU: af_delta=0.0000 < 0.05,132.26,2026-04-22T21:02:34.056865+00:00
HumanEval/152,C,correct,0.000000,0.000000,0.000000,1,G5_PLATEAU: af_delta=0.0000 < 0.05,83.15,2026-04-22T21:03:57.207010+00:00
HumanEval/152,D,correct,0.000000,0.000000,0.000000,1,G5_PLATEAU: af_delta=0.0000 < 0.05,154.68,2026-04-22T21:06:31.889701+00:00
HumanEval/153,A,correct,0.000000,0.000000,0.000000,1,G5_PLATEAU: af_delta=0.0000 < 0.05,42.69,2026-04-22T21:07:14.578598+00:00
HumanEval/153,B,degraded,0.000000,0.000000,0.000000,1,G2_CANONICAL_REGRESSION: pass@k=0.000,250.01,2026-04-22T21:11:24.587716+00:00
HumanEval/153,C,correct,0.000000,0.000000,0.000000,1,G5_PLATEAU: af_delta=0.0000 < 0.05,41.21,2026-04-22T21:12:05.801416+00:00
HumanEval/153,D,correct,0.000000,0.000000,0.000000,1,G5_PLATEAU: af_delta=0.0000 < 0.05,296.36,2026-04-22T21:17:02.160168+00:00
HumanEval/154,A,degraded,0.000000,0.000000,0.000000,1,G2_CANONICAL_REGRESSION: pass@k=0.000,131.13,2026-04-22T21:19:13.290409+00:00
HumanEval/154,B,correct,0.000000,0.000000,0.000000,1,G5_PLATEAU: af_delta=0.0000 < 0.05,149.71,2026-04-22T21:21:42.999233+00:00
HumanEval/154,C,degraded,0.000000,0.000000,0.000000,1,G2_CANONICAL_REGRESSION: pass@k=0.000,272.03,2026-04-22T21:26:15.095867+00:00
HumanEval/154,D,degraded,0.169231,0.000000,0.769231,1,G2_CANONICAL_REGRESSION: pass@k=0.000,43.08,2026-04-22T21:26:58.183385+00:00
HumanEval/155,A,correct,0.000000,0.000000,0.000000,1,G5_PLATEAU: af_delta=0.0000 < 0.05,70.71,2026-04-22T21:28:08.890990+00:00
HumanEval/155,B,correct,0.000000,0.000000,0.000000,1,G5_PLATEAU: af_delta=0.0000 < 0.05,96.09,2026-04-22T21:29:44.982817+00:00
HumanEval/155,C,correct,0.000000,0.000000,0.000000,1,G5_PLATEAU: af_delta=0.0000 < 0.05,95.45,2026-04-22T21:31:20.435805+00:00
HumanEval/155,D,correct,0.000000,0.000000,0.000000,1,G5_PLATEAU: af_delta=0.0000 < 0.05,138.57,2026-04-22T21:33:39.006425+00:00
HumanEval/156,A,correct,0.000000,0.000000,0.000000,1,G5_PLATEAU: af_delta=0.0000 < 0.05,74.40,2026-04-22T21:34:53.410002+00:00
HumanEval/156,B,correct,0.000000,0.000000,0.000000,1,G5_PLATEAU: af_delta=0.0000 < 0.05,116.88,2026-04-22T21:36:50.290836+00:00
HumanEval/156,C,correct,0.000000,0.000000,0.000000,1,G5_PLATEAU: af_delta=0.0000 < 0.05,174.94,2026-04-22T21:39:45.232862+00:00
HumanEval/156,D,correct,0.000000,0.000000,0.000000,1,G5_PLATEAU: af_delta=0.0000 < 0.05,321.57,2026-04-22T21:45:06.831452+00:00
HumanEval/157,A,correct,0.000000,0.000000,0.000000,1,G5_PLATEAU: af_delta=0.0000 < 0.05,22.50,2026-04-22T21:45:29.433348+00:00
HumanEval/157,B,degraded,0.104762,0.000000,0.476190,1,G2_CANONICAL_REGRESSION: pass@k=0.000,28.58,2026-04-22T21:45:58.011258+00:00
HumanEval/157,C,correct,0.000000,0.000000,0.000000,1,G5_PLATEAU: af_delta=0.0000 < 0.05,347.32,2026-04-22T21:51:45.347140+00:00
HumanEval/157,D,correct,0.000000,0.000000,0.000000,1,G5_PLATEAU: af_delta=0.0000 < 0.05,581.55,2026-04-22T22:01:26.908844+00:00
HumanEval/158,A,correct,0.000000,0.000000,0.000000,1,G5_PLATEAU: af_delta=0.0000 < 0.05,94.49,2026-04-22T22:03:01.398950+00:00
HumanEval/158,B,correct,0.000000,0.000000,0.000000,1,G5_PLATEAU: af_delta=0.0000 < 0.05,133.73,2026-04-22T22:05:15.132900+00:00
HumanEval/158,C,correct,0.000000,0.000000,0.000000,1,G5_PLATEAU: af_delta=0.0000 < 0.05,145.75,2026-04-22T22:07:40.893761+00:00
HumanEval/158,D,correct,0.000000,0.000000,0.000000,1,G5_PLATEAU: af_delta=0.0000 < 0.05,141.39,2026-04-22T22:10:02.284860+00:00
HumanEval/159,A,correct,0.000000,0.000000,0.000000,1,G5_PLATEAU: af_delta=0.0000 < 0.05,24.97,2026-04-22T22:10:27.260446+00:00
HumanEval/159,B,degraded,0.000000,0.000000,0.000000,1,G2_CANONICAL_REGRESSION: pass@k=0.000,124.41,2026-04-22T22:12:31.671985+00:00
HumanEval/159,C,correct,0.000000,0.000000,0.000000,1,G5_PLATEAU: af_delta=0.0000 < 0.05,158.91,2026-04-22T22:15:10.585205+00:00
HumanEval/159,D,degraded,0.000000,0.000000,0.000000,1,G2_CANONICAL_REGRESSION: pass@k=0.000,91.71,2026-04-22T22:16:42.295111+00:00
HumanEval/160,A,correct,0.000000,0.000000,0.000000,1,G5_PLATEAU: af_delta=0.0000 < 0.05,188.86,2026-04-22T22:19:51.156342+00:00
HumanEval/160,B,correct,0.000000,0.000000,0.000000,1,G5_PLATEAU: af_delta=0.0000 < 0.05,419.59,2026-04-22T22:26:50.748054+00:00
HumanEval/160,C,degraded,0.000000,0.000000,0.000000,1,G2_CANONICAL_REGRESSION: pass@k=0.000,86.76,2026-04-22T22:34:01.648939+00:00
HumanEval/160,D,correct,0.000000,0.000000,0.000000,1,G5_PLATEAU: af_delta=0.0000 < 0.05,87.07,2026-04-22T22:35:28.716668+00:00
HumanEval/161,A,correct,0.000000,0.000000,0.000000,1,G5_PLATEAU: af_delta=0.0000 < 0.05,18.51,2026-04-22T22:35:47.230621+00:00
HumanEval/161,B,correct,0.000000,0.000000,0.000000,1,G5_PLATEAU: af_delta=0.0000 < 0.05,73.92,2026-04-22T22:37:01.156399+00:00
HumanEval/161,C,degraded,0.000000,0.000000,0.000000,1,G2_CANONICAL_REGRESSION: pass@k=0.000,40.55,2026-04-22T22:37:41.709280+00:00
HumanEval/161,D,correct,0.000000,0.000000,0.000000,1,G5_PLATEAU: af_delta=0.0000 < 0.05,76.29,2026-04-22T22:38:57.999057+00:00
HumanEval/162,A,correct,0.000000,0.000000,0.000000,1,G5_PLATEAU: af_delta=0.0000 < 0.05,84.44,2026-04-22T22:40:22.443066+00:00
HumanEval/162,B,correct,0.000000,0.000000,0.000000,1,G5_PLATEAU: af_delta=0.0000 < 0.05,93.21,2026-04-22T22:41:55.655532+00:00
HumanEval/162,C,correct,0.000000,0.000000,0.000000,1,G5_PLATEAU: af_delta=0.0000 < 0.05,104.15,2026-04-22T22:43:39.809810+00:00
HumanEval/162,D,correct,0.000000,0.000000,0.000000,1,G5_PLATEAU: af_delta=0.0000 < 0.05,105.94,2026-04-22T22:45:25.755850+00:00
HumanEval/163,A,correct,0.000000,0.000000,0.000000,1,G5_PLATEAU: af_delta=0.0000 < 0.05,21.00,2026-04-22T22:45:46.756325+00:00
HumanEval/163,B,correct,0.000000,0.000000,0.000000,1,G5_PLATEAU: af_delta=0.0000 < 0.05,80.66,2026-04-22T22:47:07.421404+00:00
HumanEval/163,C,correct,0.000000,0.000000,0.000000,1,G5_PLATEAU: af_delta=0.0000 < 0.05,81.36,2026-04-22T22:48:28.784543+00:00
HumanEval/163,D,correct,0.000000,0.000000,0.000000,1,G5_PLATEAU: af_delta=0.0000 < 0.05,51.85,2026-04-22T22:56:44.704864+00:00
HumanEval/30,A,correct,0.000000,0.000000,0.000000,1,G5_PLATEAU: af_delta=0.0000 < 0.05,34.19,2026-04-22T22:59:06.349064+00:00
